ISO-10303-21;
HEADER;
FILE_DESCRIPTION (( 'STEP AP214' ),
    '1' );
FILE_NAME ('Display_Case_Body.STEP',
    '2026-02-23T13:21:39',
    ( 'ktuanwong@gmail.com' ),
    ( '' ),
    'SwSTEP 2.0',
    'SolidWorks 2022',
    '' );
FILE_SCHEMA (( 'AUTOMOTIVE_DESIGN' ));
ENDSEC;

DATA;
#1 = EDGE_CURVE ( 'NONE', #627, #2273, #754, .T. ) ;
#2 = FACE_BOUND ( 'NONE', #2184, .T. ) ;
#3 = EDGE_CURVE ( 'NONE', #2259, #235, #1345, .T. ) ;
#4 = DIRECTION ( 'NONE',  ( 0.000000000000000000, 0.000000000000000000, 1.000000000000000000 ) ) ;
#5 = LINE ( 'NONE', #1988, #1615 ) ;
#6 = CARTESIAN_POINT ( 'NONE',  ( -22.12500000000000355, 4.875000000000000888, 30.00000000000000000 ) ) ;
#7 = EDGE_CURVE ( 'NONE', #991, #2072, #73, .T. ) ;
#8 = ORIENTED_EDGE ( 'NONE', *, *, #910, .T. ) ;
#9 = AXIS2_PLACEMENT_3D ( 'NONE', #1460, #2192, #548 ) ;
#10 = VERTEX_POINT ( 'NONE', #1166 ) ;
#11 = ORIENTED_EDGE ( 'NONE', *, *, #130, .F. ) ;
#12 = VECTOR ( 'NONE', #1711, 1000.000000000000000 ) ;
#13 = DIRECTION ( 'NONE',  ( 0.000000000000000000, -1.000000000000000000, 0.000000000000000000 ) ) ;
#14 = CARTESIAN_POINT ( 'NONE',  ( -49.00000000000000000, 5.000000000000000888, -9.500000000000001776 ) ) ;
#15 = CARTESIAN_POINT ( 'NONE',  ( 55.00000000000000711, 18.00000000000000000, 1.250000352296490203 ) ) ;
#16 = CARTESIAN_POINT ( 'NONE',  ( 21.80000000000000071, 0.000000000000000000, -28.49999999999999645 ) ) ;
#17 = DIRECTION ( 'NONE',  ( 0.000000000000000000, 1.000000000000000000, -0.000000000000000000 ) ) ;
#18 = DIRECTION ( 'NONE',  ( 0.000000000000000000, 0.000000000000000000, 1.000000000000000000 ) ) ;
#19 = CARTESIAN_POINT ( 'NONE',  ( 61.50000000000000000, 5.000000000000000888, -8.500000000000000000 ) ) ;
#20 = ORIENTED_EDGE ( 'NONE', *, *, #500, .F. ) ;
#21 = EDGE_LOOP ( 'NONE', ( #321, #1997, #1190, #1904 ) ) ;
#22 = ORIENTED_EDGE ( 'NONE', *, *, #1847, .F. ) ;
#23 = AXIS2_PLACEMENT_3D ( 'NONE', #2281, #418, #1700 ) ;
#24 = DIRECTION ( 'NONE',  ( 1.000000000000000000, 0.000000000000000000, 0.000000000000000000 ) ) ;
#25 = LINE ( 'NONE', #1515, #1027 ) ;
#26 = ADVANCED_FACE ( 'NONE', ( #2011 ), #370, .F. ) ;
#27 = DIRECTION ( 'NONE',  ( 0.000000000000000000, -1.000000000000000000, 0.000000000000000000 ) ) ;
#28 = DIRECTION ( 'NONE',  ( 1.000000000000000000, 0.000000000000000000, 0.000000000000000000 ) ) ;
#29 = LINE ( 'NONE', #746, #1519 ) ;
#30 = CARTESIAN_POINT ( 'NONE',  ( 34.00000000000000000, 5.000000000000000888, 28.49999999999999645 ) ) ;
#31 = LINE ( 'NONE', #765, #630 ) ;
#32 = CARTESIAN_POINT ( 'NONE',  ( 45.50000000000000711, 2.875000000000000444, -23.50000000000000000 ) ) ;
#33 = ORIENTED_EDGE ( 'NONE', *, *, #678, .T. ) ;
#34 = EDGE_CURVE ( 'NONE', #1877, #1206, #1454, .T. ) ;
#35 = ORIENTED_EDGE ( 'NONE', *, *, #1003, .F. ) ;
#36 = ORIENTED_EDGE ( 'NONE', *, *, #2028, .T. ) ;
#37 = ADVANCED_FACE ( 'NONE', ( #957 ), #216, .F. ) ;
#38 = AXIS2_PLACEMENT_3D ( 'NONE', #1105, #2240, #1669 ) ;
#39 = CARTESIAN_POINT ( 'NONE',  ( 21.50000014156103845, 15.25000000000000000, 33.50000000000000000 ) ) ;
#40 = ORIENTED_EDGE ( 'NONE', *, *, #1082, .T. ) ;
#41 = DIRECTION ( 'NONE',  ( 1.000000000000000000, 0.000000000000000000, 0.000000000000000000 ) ) ;
#42 = LINE ( 'NONE', #1506, #1582 ) ;
#43 = FACE_OUTER_BOUND ( 'NONE', #1125, .T. ) ;
#44 = LINE ( 'NONE', #776, #1266 ) ;
#45 = PLANE ( 'NONE',  #475 ) ;
#46 = DIRECTION ( 'NONE',  ( -1.000000000000000000, 0.000000000000000000, 0.000000000000000000 ) ) ;
#47 = ORIENTED_EDGE ( 'NONE', *, *, #287, .T. ) ;
#48 = AXIS2_PLACEMENT_3D ( 'NONE', #1824, #1237, #1055 ) ;
#49 = ORIENTED_EDGE ( 'NONE', *, *, #852, .T. ) ;
#50 = EDGE_LOOP ( 'NONE', ( #2327, #2364, #381, #1624 ) ) ;
#51 = CARTESIAN_POINT ( 'NONE',  ( 36.00000000000000000, 18.00000000000000000, -11.20134515487229976 ) ) ;
#52 = ORIENTED_EDGE ( 'NONE', *, *, #889, .F. ) ;
#53 = VECTOR ( 'NONE', #946, 1000.000000000000000 ) ;
#54 = FACE_BOUND ( 'NONE', #1235, .T. ) ;
#55 = LINE ( 'NONE', #789, #1699 ) ;
#56 = ORIENTED_EDGE ( 'NONE', *, *, #989, .T. ) ;
#57 = CARTESIAN_POINT ( 'NONE',  ( 43.00000000000000000, 2.000000000000000000, 11.00000000000000355 ) ) ;
#58 = CARTESIAN_POINT ( 'NONE',  ( 44.37500000000000000, 2.875000000000000444, -26.00000000000000355 ) ) ;
#59 = ORIENTED_EDGE ( 'NONE', *, *, #1834, .F. ) ;
#60 = ORIENTED_EDGE ( 'NONE', *, *, #1845, .T. ) ;
#61 = ORIENTED_EDGE ( 'NONE', *, *, #2305, .T. ) ;
#62 = STYLED_ITEM ( 'NONE', ( #881 ), #1081 ) ;
#63 = LINE ( 'NONE', #124, #811 ) ;
#64 = ADVANCED_FACE ( 'NONE', ( #569 ), #45, .F. ) ;
#65 = ORIENTED_EDGE ( 'NONE', *, *, #632, .F. ) ;
#66 = LINE ( 'NONE', #1681, #2263 ) ;
#67 = CARTESIAN_POINT ( 'NONE',  ( 49.00000000000000000, 18.00000000000000000, 6.500000000000000888 ) ) ;
#68 = VERTEX_POINT ( 'NONE', #1094 ) ;
#69 = UNCERTAINTY_MEASURE_WITH_UNIT (LENGTH_MEASURE( 1.000000000000000082E-05 ), #304, 'distance_accuracy_value', 'NONE');
#70 = DIRECTION ( 'NONE',  ( -0.000000000000000000, -0.000000000000000000, 1.000000000000000000 ) ) ;
#71 = DIRECTION ( 'NONE',  ( -1.000000000000000000, 0.000000000000000000, 0.000000000000000000 ) ) ;
#72 = ORIENTED_EDGE ( 'NONE', *, *, #1845, .F. ) ;
#73 = LINE ( 'NONE', #985, #1900 ) ;
#74 = ORIENTED_EDGE ( 'NONE', *, *, #2036, .T. ) ;
#75 = DIRECTION ( 'NONE',  ( -0.000000000000000000, -1.000000000000000000, 0.000000000000000000 ) ) ;
#76 = VECTOR ( 'NONE', #1424, 1000.000000000000000 ) ;
#77 = CARTESIAN_POINT ( 'NONE',  ( -43.00000000000000000, 13.00000000000000178, 0.9583333333333331483 ) ) ;
#78 = LINE ( 'NONE', #1362, #2002 ) ;
#79 = ORIENTED_EDGE ( 'NONE', *, *, #1703, .T. ) ;
#80 = VECTOR ( 'NONE', #1632, 1000.000000000000000 ) ;
#81 = ADVANCED_FACE ( 'NONE', ( #203 ), #1660, .T. ) ;
#82 = EDGE_CURVE ( 'NONE', #2201, #194, #2231, .T. ) ;
#83 = DIRECTION ( 'NONE',  ( 0.000000000000000000, 0.000000000000000000, 1.000000000000000000 ) ) ;
#84 = DIRECTION ( 'NONE',  ( 1.000000000000000000, 0.000000000000000000, 0.000000000000000000 ) ) ;
#85 = ORIENTED_EDGE ( 'NONE', *, *, #791, .T. ) ;
#86 = ORIENTED_EDGE ( 'NONE', *, *, #387, .T. ) ;
#87 = ADVANCED_FACE ( 'NONE', ( #1673 ), #2039, .F. ) ;
#88 = LINE ( 'NONE', #77, #2071 ) ;
#89 = DIRECTION ( 'NONE',  ( 0.000000000000000000, 1.000000000000000000, -0.000000000000000000 ) ) ;
#90 = ORIENTED_EDGE ( 'NONE', *, *, #1778, .F. ) ;
#91 = DIRECTION ( 'NONE',  ( 1.000000000000000000, 0.000000000000000000, 0.000000000000000000 ) ) ;
#92 = DIRECTION ( 'NONE',  ( -1.000000000000000000, 0.000000000000000000, 0.000000000000000000 ) ) ;
#93 = VERTEX_POINT ( 'NONE', #2199 ) ;
#94 = VERTEX_POINT ( 'NONE', #19 ) ;
#95 = AXIS2_PLACEMENT_3D ( 'NONE', #1205, #1922, #110 ) ;
#96 = DIRECTION ( 'NONE',  ( 1.000000000000000000, 0.000000000000000000, 0.000000000000000000 ) ) ;
#97 = LINE ( 'NONE', #2122, #1751 ) ;
#98 = ORIENTED_EDGE ( 'NONE', *, *, #2285, .T. ) ;
#99 = EDGE_CURVE ( 'NONE', #178, #592, #1646, .T. ) ;
#100 = LINE ( 'NONE', #835, #432 ) ;
#101 = LINE ( 'NONE', #1383, #1432 ) ;
#102 = ORIENTED_EDGE ( 'NONE', *, *, #330, .F. ) ;
#103 = ORIENTED_EDGE ( 'NONE', *, *, #1096, .T. ) ;
#104 = VECTOR ( 'NONE', #483, 1000.000000000000000 ) ;
#105 = CARTESIAN_POINT ( 'NONE',  ( -1.499999858438964218, 15.25000000000000000, 28.49999999999999645 ) ) ;
#106 = VERTEX_POINT ( 'NONE', #586 ) ;
#107 = AXIS2_PLACEMENT_3D ( 'NONE', #2250, #2372, #402 ) ;
#108 = VECTOR ( 'NONE', #902, 1000.000000000000000 ) ;
#109 = LINE ( 'NONE', #1940, #1457 ) ;
#110 = DIRECTION ( 'NONE',  ( 1.000000000000000000, 0.000000000000000000, 0.000000000000000000 ) ) ;
#111 = VERTEX_POINT ( 'NONE', #190 ) ;
#112 = LINE ( 'NONE', #264, #1225 ) ;
#113 = VERTEX_POINT ( 'NONE', #1480 ) ;
#114 = ORIENTED_EDGE ( 'NONE', *, *, #731, .F. ) ;
#115 = VECTOR ( 'NONE', #675, 1000.000000000000000 ) ;
#116 = LINE ( 'NONE', #1398, #1491 ) ;
#117 = CARTESIAN_POINT ( 'NONE',  ( 44.37500000000000000, 9.000000000000000000, -23.50000000000000000 ) ) ;
#118 = ORIENTED_EDGE ( 'NONE', *, *, #1495, .F. ) ;
#119 = AXIS2_PLACEMENT_3D ( 'NONE', #1725, #1538, #46 ) ;
#120 = CARTESIAN_POINT ( 'NONE',  ( -55.00000000000000711, 18.00000000000000000, 1.250000352296490203 ) ) ;
#121 = DIRECTION ( 'NONE',  ( 0.000000000000000000, 0.000000000000000000, 1.000000000000000000 ) ) ;
#122 = ORIENTED_EDGE ( 'NONE', *, *, #859, .F. ) ;
#123 = VECTOR ( 'NONE', #1918, 1000.000000000000000 ) ;
#124 = CARTESIAN_POINT ( 'NONE',  ( 43.00000000000000000, 8.275000000000000355, -28.49999999999999645 ) ) ;
#125 = ORIENTED_EDGE ( 'NONE', *, *, #582, .F. ) ;
#126 = VERTEX_POINT ( 'NONE', #1843 ) ;
#127 = LINE ( 'NONE', #685, #76 ) ;
#128 = CARTESIAN_POINT ( 'NONE',  ( 9.250000094994900834, 8.250000000000000000, 33.50000000000000000 ) ) ;
#129 = ORIENTED_EDGE ( 'NONE', *, *, #471, .T. ) ;
#130 = EDGE_CURVE ( 'NONE', #529, #1141, #394, .T. ) ;
#131 =( LENGTH_UNIT ( ) NAMED_UNIT ( * ) SI_UNIT ( .MILLI., .METRE. ) );
#132 = CARTESIAN_POINT ( 'NONE',  ( -48.00000000000000000, 18.00000000000000000, -9.500000000000001776 ) ) ;
#133 = LINE ( 'NONE', #508, #2076 ) ;
#134 = CARTESIAN_POINT ( 'NONE',  ( -46.62500000000000000, 9.400000000000000355, -28.49999999999999645 ) ) ;
#135 = ORIENTED_EDGE ( 'NONE', *, *, #2028, .F. ) ;
#136 = AXIS2_PLACEMENT_3D ( 'NONE', #1149, #1557, #2291 ) ;
#137 = LINE ( 'NONE', #1604, #1541 ) ;
#138 = ORIENTED_EDGE ( 'NONE', *, *, #1778, .T. ) ;
#139 = AXIS2_PLACEMENT_3D ( 'NONE', #2352, #710, #1401 ) ;
#140 = ADVANCED_FACE ( 'NONE', ( #1277 ), #779, .T. ) ;
#141 = DIRECTION ( 'NONE',  ( 0.000000000000000000, -1.000000000000000000, 0.000000000000000000 ) ) ;
#142 = LINE ( 'NONE', #1255, #2172 ) ;
#143 = CARTESIAN_POINT ( 'NONE',  ( 22.12500000000000355, 5.750000000000000888, 31.50000000000000000 ) ) ;
#144 = CARTESIAN_POINT ( 'NONE',  ( 45.50000000000000711, 15.12500000000000000, -23.50000000000000000 ) ) ;
#145 = CARTESIAN_POINT ( 'NONE',  ( -44.37500000000000000, 2.875000000000000444, -28.49999999999999645 ) ) ;
#146 = ORIENTED_EDGE ( 'NONE', *, *, #1022, .F. ) ;
#147 = VECTOR ( 'NONE', #823, 1000.000000000000000 ) ;
#148 = EDGE_CURVE ( 'NONE', #126, #1648, #1289, .T. ) ;
#149 = CYLINDRICAL_SURFACE ( 'NONE', #2307, 2.250000357263550299 ) ;
#150 = ORIENTED_EDGE ( 'NONE', *, *, #261, .T. ) ;
#151 = EDGE_CURVE ( 'NONE', #1861, #2201, #31, .T. ) ;
#152 = DIRECTION ( 'NONE',  ( 1.000000000000000000, 0.000000000000000000, 0.000000000000000000 ) ) ;
#153 = DIRECTION ( 'NONE',  ( 1.000000000000000000, 0.000000000000000000, 0.000000000000000000 ) ) ;
#154 = FILL_AREA_STYLE_COLOUR ( '', #220 ) ;
#155 = VECTOR ( 'NONE', #1159, 1000.000000000000000 ) ;
#156 = CARTESIAN_POINT ( 'NONE',  ( 43.00000000000000000, 5.000000000000000888, 28.49999999999999645 ) ) ;
#157 = DIRECTION ( 'NONE',  ( -0.000000000000000000, 1.000000000000000000, 0.000000000000000000 ) ) ;
#158 = VECTOR ( 'NONE', #2363, 1000.000000000000000 ) ;
#159 = CARTESIAN_POINT ( 'NONE',  ( 48.00000000000000000, 9.400000000000000355, -28.49999999999999645 ) ) ;
#160 = ORIENTED_EDGE ( 'NONE', *, *, #1771, .T. ) ;
#161 = CARTESIAN_POINT ( 'NONE',  ( 61.50000000000000000, 18.00000000000000000, -8.500000000000000000 ) ) ;
#162 = ORIENTED_EDGE ( 'NONE', *, *, #501, .F. ) ;
#163 = VECTOR ( 'NONE', #2186, 1000.000000000000000 ) ;
#164 = DIRECTION ( 'NONE',  ( 0.000000000000000000, 0.000000000000000000, 1.000000000000000000 ) ) ;
#165 = DIRECTION ( 'NONE',  ( 0.000000000000000000, 1.000000000000000000, 0.000000000000000000 ) ) ;
#166 = LINE ( 'NONE', #1415, #329 ) ;
#167 = FACE_BOUND ( 'NONE', #1757, .T. ) ;
#168 = DIRECTION ( 'NONE',  ( 1.000000000000000000, 0.000000000000000000, 0.000000000000000000 ) ) ;
#169 = CIRCLE ( 'NONE', #95, 4.999999999999997335 ) ;
#170 = CIRCLE ( 'NONE', #2249, 1.000000000000000000 ) ;
#171 = LINE ( 'NONE', #528, #1198 ) ;
#172 = ORIENTED_EDGE ( 'NONE', *, *, #176, .T. ) ;
#173 = FACE_OUTER_BOUND ( 'NONE', #1368, .T. ) ;
#174 = CARTESIAN_POINT ( 'NONE',  ( -1.124999833293260032, 5.000000000000000888, 33.50000000000000000 ) ) ;
#175 = ORIENTED_EDGE ( 'NONE', *, *, #148, .F. ) ;
#176 = EDGE_CURVE ( 'NONE', #1002, #1831, #1136, .T. ) ;
#177 = ORIENTED_EDGE ( 'NONE', *, *, #2335, .F. ) ;
#178 = VERTEX_POINT ( 'NONE', #407 ) ;
#179 = EDGE_CURVE ( 'NONE', #94, #1897, #821, .T. ) ;
#180 = EDGE_CURVE ( 'NONE', #2008, #2041, #2244, .T. ) ;
#181 = CARTESIAN_POINT ( 'NONE',  ( 21.50000014156103489, 15.25000000000000000, 28.49999999999999645 ) ) ;
#182 = LINE ( 'NONE', #2194, #493 ) ;
#183 = FACE_OUTER_BOUND ( 'NONE', #469, .T. ) ;
#184 = ADVANCED_FACE ( 'NONE', ( #992 ), #258, .F. ) ;
#185 = CARTESIAN_POINT ( 'NONE',  ( -55.00000000000000711, 18.00000000000000000, -3.250000362230610396 ) ) ;
#186 = CARTESIAN_POINT ( 'NONE',  ( 55.00000000000000711, 5.000000000000000888, -3.250000362230610396 ) ) ;
#187 = CARTESIAN_POINT ( 'NONE',  ( 6.166666729996600260, 6.708333333333330373, 28.49999999999999645 ) ) ;
#188 = ORIENTED_EDGE ( 'NONE', *, *, #2207, .T. ) ;
#189 = AXIS2_PLACEMENT_3D ( 'NONE', #1585, #717, #1399 ) ;
#190 = CARTESIAN_POINT ( 'NONE',  ( 46.62500000000000000, 15.12500000000000000, -28.49999999999999645 ) ) ;
#191 = VERTEX_POINT ( 'NONE', #1382 ) ;
#192 = VECTOR ( 'NONE', #1667, 1000.000000000000000 ) ;
#193 = ORIENTED_EDGE ( 'NONE', *, *, #521, .F. ) ;
#194 = VERTEX_POINT ( 'NONE', #1004 ) ;
#195 = VECTOR ( 'NONE', #1047, 1000.000000000000000 ) ;
#196 = PLANE ( 'NONE',  #1311 ) ;
#197 = LINE ( 'NONE', #591, #1755 ) ;
#198 = DIRECTION ( 'NONE',  ( 1.000000000000000000, 0.000000000000000000, 0.000000000000000000 ) ) ;
#199 = DIRECTION ( 'NONE',  ( 0.000000000000000000, 1.000000000000000000, 0.000000000000000000 ) ) ;
#200 = FACE_OUTER_BOUND ( 'NONE', #260, .T. ) ;
#201 = CARTESIAN_POINT ( 'NONE',  ( 43.00000000000000000, 2.000000000000000000, 11.00000000000000355 ) ) ;
#202 = CARTESIAN_POINT ( 'NONE',  ( -45.50000000000000711, 15.12500000000000000, -26.00000000000000355 ) ) ;
#203 = FACE_OUTER_BOUND ( 'NONE', #478, .T. ) ;
#204 = EDGE_LOOP ( 'NONE', ( #940, #1817, #102, #49, #543, #628, #876, #2293, #1736, #2025, #862, #888, #775, #425, #1935, #1872, #1138, #316, #1306, #409, #360, #1095, #609, #1351, #1550, #1173 ) ) ;
#205 = VECTOR ( 'NONE', #539, 1000.000000000000000 ) ;
#206 = ORIENTED_EDGE ( 'NONE', *, *, #2230, .T. ) ;
#207 = EDGE_LOOP ( 'NONE', ( #238, #1126, #1678, #1400 ) ) ;
#208 = EDGE_CURVE ( 'NONE', #1260, #1034, #2073, .T. ) ;
#209 = DIRECTION ( 'NONE',  ( 0.000000000000000000, 1.000000000000000000, 0.000000000000000000 ) ) ;
#210 = CARTESIAN_POINT ( 'NONE',  ( -62.50000000000000000, 5.000000000000000888, 5.500000000000000888 ) ) ;
#211 = CARTESIAN_POINT ( 'NONE',  ( -27.75000000000000355, 4.000000000000000000, 30.00000000000000000 ) ) ;
#212 = CARTESIAN_POINT ( 'NONE',  ( -7.999999523162838244, 11.00000000000000178, 33.50000000000000000 ) ) ;
#213 = EDGE_CURVE ( 'NONE', #1199, #1143, #451, .T. ) ;
#214 = CARTESIAN_POINT ( 'NONE',  ( -33.37500000000000000, 4.875000000000000888, 31.50000000000000000 ) ) ;
#215 = CARTESIAN_POINT ( 'NONE',  ( 44.37500000000000000, 15.12500000000000000, -28.49999999999999645 ) ) ;
#216 = PLANE ( 'NONE',  #1275 ) ;
#217 = CARTESIAN_POINT ( 'NONE',  ( -44.37500000000000000, 9.000000000000000000, -26.00000000000000355 ) ) ;
#218 = ORIENTED_EDGE ( 'NONE', *, *, #2230, .F. ) ;
#219 = EDGE_CURVE ( 'NONE', #804, #2139, #1787, .T. ) ;
#220 = COLOUR_RGB ( '',0.6274509803921568540, 0.6274509803921568540, 0.6274509803921568540 ) ;
#221 = ORIENTED_EDGE ( 'NONE', *, *, #2102, .F. ) ;
#222 = ORIENTED_EDGE ( 'NONE', *, *, #1165, .T. ) ;
#223 = EDGE_CURVE ( 'NONE', #850, #338, #466, .T. ) ;
#224 = LINE ( 'NONE', #1473, #1878 ) ;
#225 = ADVANCED_FACE ( 'NONE', ( #1548 ), #970, .F. ) ;
#226 = PLANE ( 'NONE',  #426 ) ;
#227 = LINE ( 'NONE', #954, #444 ) ;
#228 = LINE ( 'NONE', #527, #295 ) ;
#229 = CARTESIAN_POINT ( 'NONE',  ( 44.37500000000000000, 15.12500000000000000, -26.00000000000000355 ) ) ;
#230 = DIRECTION ( 'NONE',  ( 0.000000000000000000, -1.000000000000000000, 0.000000000000000000 ) ) ;
#231 = PLANE ( 'NONE',  #2236 ) ;
#232 = ORIENTED_EDGE ( 'NONE', *, *, #2123, .T. ) ;
#233 = VECTOR ( 'NONE', #698, 1000.000000000000000 ) ;
#234 = VERTEX_POINT ( 'NONE', #1353 ) ;
#235 = VERTEX_POINT ( 'NONE', #805 ) ;
#236 = VECTOR ( 'NONE', #867, 1000.000000000000000 ) ;
#237 = DIRECTION ( 'NONE',  ( 0.000000000000000000, -1.000000000000000000, 0.000000000000000000 ) ) ;
#238 = ORIENTED_EDGE ( 'NONE', *, *, #34, .F. ) ;
#239 = PLANE ( 'NONE',  #1377 ) ;
#240 = DIRECTION ( 'NONE',  ( 1.000000000000000000, -0.000000000000000000, -0.000000000000000000 ) ) ;
#241 = ORIENTED_EDGE ( 'NONE', *, *, #683, .F. ) ;
#242 = DIRECTION ( 'NONE',  ( -1.000000000000000000, 0.000000000000000000, 0.000000000000000000 ) ) ;
#243 = DIRECTION ( 'NONE',  ( 0.000000000000000000, 0.000000000000000000, 1.000000000000000000 ) ) ;
#244 = ORIENTED_EDGE ( 'NONE', *, *, #1139, .F. ) ;
#245 = ADVANCED_FACE ( 'NONE', ( #2085 ), #633, .F. ) ;
#246 = VECTOR ( 'NONE', #887, 1000.000000000000000 ) ;
#247 = ORIENTED_EDGE ( 'NONE', *, *, #1059, .T. ) ;
#248 = ORIENTED_EDGE ( 'NONE', *, *, #1061, .F. ) ;
#249 = CIRCLE ( 'NONE', #119, 1.000000000000000888 ) ;
#250 = PLANE ( 'NONE',  #2142 ) ;
#251 = EDGE_CURVE ( 'NONE', #1986, #2139, #1365, .T. ) ;
#252 = VERTEX_POINT ( 'NONE', #57 ) ;
#253 = AXIS2_PLACEMENT_3D ( 'NONE', #990, #2265, #1391 ) ;
#254 = AXIS2_PLACEMENT_3D ( 'NONE', #2366, #1111, #2023 ) ;
#255 = DIRECTION ( 'NONE',  ( 0.000000000000000000, -1.000000000000000000, -6.728240443654459311E-18 ) ) ;
#256 = LINE ( 'NONE', #1490, #12 ) ;
#257 = ORIENTED_EDGE ( 'NONE', *, *, #2132, .F. ) ;
#258 = PLANE ( 'NONE',  #1478 ) ;
#259 = CARTESIAN_POINT ( 'NONE',  ( -49.00000000000000000, 18.00000000000000000, -8.500000000000000000 ) ) ;
#260 = EDGE_LOOP ( 'NONE', ( #857, #1859, #2283, #193 ) ) ;
#261 = EDGE_CURVE ( 'NONE', #532, #618, #1933, .T. ) ;
#262 = CARTESIAN_POINT ( 'NONE',  ( 43.00000000000000000, 18.00000000000000000, 33.50000000000000000 ) ) ;
#263 = EDGE_LOOP ( 'NONE', ( #335, #33, #129, #1397 ) ) ;
#264 = CARTESIAN_POINT ( 'NONE',  ( -1.499999858438964218, 15.25000000000000000, 2.080310372754190507 ) ) ;
#265 = EDGE_CURVE ( 'NONE', #1877, #1219, #2255, .T. ) ;
#266 = ADVANCED_FACE ( 'NONE', ( #644 ), #982, .T. ) ;
#267 = EDGE_CURVE ( 'NONE', #1034, #2078, #1162, .T. ) ;
#268 = DIRECTION ( 'NONE',  ( 0.000000000000000000, 1.000000000000000000, 0.000000000000000000 ) ) ;
#269 = ORIENTED_EDGE ( 'NONE', *, *, #1270, .F. ) ;
#270 = EDGE_CURVE ( 'NONE', #1690, #1153, #455, .T. ) ;
#271 = ADVANCED_FACE ( 'NONE', ( #1899 ), #1714, .F. ) ;
#272 = DIRECTION ( 'NONE',  ( 1.000000000000000000, 0.000000000000000000, 0.000000000000000000 ) ) ;
#273 = DIRECTION ( 'NONE',  ( -1.000000000000000000, 0.000000000000000000, 0.000000000000000000 ) ) ;
#274 = ORIENTED_EDGE ( 'NONE', *, *, #791, .F. ) ;
#275 = ORIENTED_EDGE ( 'NONE', *, *, #208, .T. ) ;
#276 = AXIS2_PLACEMENT_3D ( 'NONE', #1040, #152, #1410 ) ;
#277 = DIRECTION ( 'NONE',  ( 0.000000000000000000, 0.000000000000000000, 1.000000000000000000 ) ) ;
#278 = CARTESIAN_POINT ( 'NONE',  ( 43.00000000000000000, 12.00000000000000000, 24.00000000000000000 ) ) ;
#279 = ORIENTED_EDGE ( 'NONE', *, *, #757, .T. ) ;
#280 = AXIS2_PLACEMENT_3D ( 'NONE', #2323, #1785, #668 ) ;
#281 = CARTESIAN_POINT ( 'NONE',  ( -11.49999976158140136, 11.00000000000000178, 31.00000000000000000 ) ) ;
#282 = FACE_OUTER_BOUND ( 'NONE', #962, .T. ) ;
#283 = ORIENTED_EDGE ( 'NONE', *, *, #1359, .T. ) ;
#284 = EDGE_LOOP ( 'NONE', ( #1355, #740, #2204, #900 ) ) ;
#285 = AXIS2_PLACEMENT_3D ( 'NONE', #1242, #1804, #1453 ) ;
#286 = AXIS2_PLACEMENT_3D ( 'NONE', #2223, #1472, #1308 ) ;
#287 = EDGE_CURVE ( 'NONE', #2347, #1394, #827, .T. ) ;
#288 = CARTESIAN_POINT ( 'NONE',  ( -1.499999858438964218, 2.250000000000000444, 28.49999999999999645 ) ) ;
#289 = ORIENTED_EDGE ( 'NONE', *, *, #557, .F. ) ;
#290 = DIRECTION ( 'NONE',  ( 0.000000000000000000, 0.000000000000000000, -1.000000000000000000 ) ) ;
#291 = DIRECTION ( 'NONE',  ( 0.000000000000000000, -1.000000000000000000, 0.000000000000000000 ) ) ;
#292 = ORIENTED_EDGE ( 'NONE', *, *, #1061, .T. ) ;
#293 = EDGE_CURVE ( 'NONE', #2220, #2290, #100, .T. ) ;
#294 = VERTEX_POINT ( 'NONE', #2329 ) ;
#295 = VECTOR ( 'NONE', #1671, 1000.000000000000000 ) ;
#296 = DIRECTION ( 'NONE',  ( 0.000000000000000000, 0.000000000000000000, -1.000000000000000000 ) ) ;
#297 = DIRECTION ( 'NONE',  ( 1.000000000000000000, 0.000000000000000000, 0.000000000000000000 ) ) ;
#298 = VERTEX_POINT ( 'NONE', #1226 ) ;
#299 = DIRECTION ( 'NONE',  ( 0.000000000000000000, 0.000000000000000000, 1.000000000000000000 ) ) ;
#300 = LINE ( 'NONE', #2138, #2124 ) ;
#301 = ORIENTED_EDGE ( 'NONE', *, *, #1026, .T. ) ;
#302 = DIRECTION ( 'NONE',  ( 0.000000000000000000, -1.000000000000000000, 0.000000000000000000 ) ) ;
#303 = ORIENTED_EDGE ( 'NONE', *, *, #1925, .F. ) ;
#304 =( LENGTH_UNIT ( ) NAMED_UNIT ( * ) SI_UNIT ( .MILLI., .METRE. ) );
#305 = CARTESIAN_POINT ( 'NONE',  ( 48.00000000000000000, 5.000000000000000888, -9.500000000000001776 ) ) ;
#306 = VECTOR ( 'NONE', #1117, 1000.000000000000000 ) ;
#307 = PLANE ( 'NONE',  #139 ) ;
#308 = CARTESIAN_POINT ( 'NONE',  ( -61.50000000000000000, 5.000000000000000888, 6.500000000000000888 ) ) ;
#309 = VERTEX_POINT ( 'NONE', #1019 ) ;
#310 = CARTESIAN_POINT ( 'NONE',  ( 27.91730769230770193, 18.00000000000000000, 6.500000000000000888 ) ) ;
#311 = ORIENTED_EDGE ( 'NONE', *, *, #2165, .F. ) ;
#312 = EDGE_LOOP ( 'NONE', ( #2242, #1274, #973, #232 ) ) ;
#313 = ADVANCED_FACE ( 'NONE', ( #1056 ), #1587, .F. ) ;
#314 = CARTESIAN_POINT ( 'NONE',  ( -48.00000000000000000, 5.000000000000000888, 7.500000000000000000 ) ) ;
#315 = PLANE ( 'NONE',  #189 ) ;
#316 = ORIENTED_EDGE ( 'NONE', *, *, #1707, .T. ) ;
#317 = VECTOR ( 'NONE', #1283, 1000.000000000000000 ) ;
#318 = CARTESIAN_POINT ( 'NONE',  ( -49.00000000000000000, 18.00000000000000000, 7.500000000000000000 ) ) ;
#319 = CARTESIAN_POINT ( 'NONE',  ( 36.00000000000000000, 13.00000000000000178, -28.49999999999999645 ) ) ;
#320 = LINE ( 'NONE', #134, #1245 ) ;
#321 = ORIENTED_EDGE ( 'NONE', *, *, #895, .F. ) ;
#322 = ADVANCED_FACE ( 'NONE', ( #1612 ), #664, .F. ) ;
#323 = VECTOR ( 'NONE', #1839, 1000.000000000000000 ) ;
#324 = CARTESIAN_POINT ( 'NONE',  ( 48.00000000000000000, 18.00000000000000000, 4.173654845127689583 ) ) ;
#325 = ORIENTED_EDGE ( 'NONE', *, *, #352, .F. ) ;
#326 = FACE_OUTER_BOUND ( 'NONE', #2064, .T. ) ;
#327 = FACE_OUTER_BOUND ( 'NONE', #312, .T. ) ;
#328 = VERTEX_POINT ( 'NONE', #319 ) ;
#329 = VECTOR ( 'NONE', #331, 1000.000000000000000 ) ;
#330 = EDGE_CURVE ( 'NONE', #1750, #741, #700, .T. ) ;
#331 = DIRECTION ( 'NONE',  ( 0.000000000000000000, -1.000000000000000000, 0.000000000000000000 ) ) ;
#332 = DIRECTION ( 'NONE',  ( 0.000000000000000000, 1.000000000000000000, 0.000000000000000000 ) ) ;
#333 = FACE_OUTER_BOUND ( 'NONE', #1513, .T. ) ;
#334 = CARTESIAN_POINT ( 'NONE',  ( -61.50000000000000000, 18.00000000000000000, -8.500000000000000000 ) ) ;
#335 = ORIENTED_EDGE ( 'NONE', *, *, #1455, .T. ) ;
#336 = EDGE_CURVE ( 'NONE', #741, #2347, #133, .T. ) ;
#337 = CARTESIAN_POINT ( 'NONE',  ( -61.50000000000000000, 18.00000000000000000, 6.500000000000000888 ) ) ;
#338 = VERTEX_POINT ( 'NONE', #1801 ) ;
#339 = CARTESIAN_POINT ( 'NONE',  ( -46.62500000000000000, 2.875000000000000444, -28.49999999999999645 ) ) ;
#340 = FACE_OUTER_BOUND ( 'NONE', #2111, .T. ) ;
#341 = DIRECTION ( 'NONE',  ( 0.000000000000000000, 0.000000000000000000, 1.000000000000000000 ) ) ;
#342 = CARTESIAN_POINT ( 'NONE',  ( -43.00000000000000000, 18.00000000000000000, 33.50000000000000000 ) ) ;
#343 = DIRECTION ( 'NONE',  ( -1.000000000000000000, 0.000000000000000000, 0.000000000000000000 ) ) ;
#344 = ORIENTED_EDGE ( 'NONE', *, *, #1417, .F. ) ;
#345 = VECTOR ( 'NONE', #1171, 1000.000000000000000 ) ;
#346 = EDGE_LOOP ( 'NONE', ( #751, #772, #1348, #1593 ) ) ;
#347 = LINE ( 'NONE', #1433, #688 ) ;
#348 = LINE ( 'NONE', #1810, #1336 ) ;
#349 = PLANE ( 'NONE',  #1050 ) ;
#350 = AXIS2_PLACEMENT_3D ( 'NONE', #1621, #1067, #1611 ) ;
#351 = DIRECTION ( 'NONE',  ( 0.000000000000000000, 1.000000000000000000, 0.000000000000000000 ) ) ;
#352 = EDGE_CURVE ( 'NONE', #1831, #986, #109, .T. ) ;
#353 = PLANE ( 'NONE',  #901 ) ;
#354 = CIRCLE ( 'NONE', #734, 4.999999999999997335 ) ;
#355 = DIRECTION ( 'NONE',  ( 0.000000000000000000, 0.000000000000000000, 1.000000000000000000 ) ) ;
#356 = EDGE_LOOP ( 'NONE', ( #2024, #396, #150, #40 ) ) ;
#357 = EDGE_CURVE ( 'NONE', #2075, #1848, #2343, .T. ) ;
#358 = EDGE_LOOP ( 'NONE', ( #2312, #1999, #1048, #2087 ) ) ;
#359 = VECTOR ( 'NONE', #1285, 1000.000000000000000 ) ;
#360 = ORIENTED_EDGE ( 'NONE', *, *, #2286, .F. ) ;
#361 = ADVANCED_FACE ( 'NONE', ( #333 ), #871, .T. ) ;
#362 = DIRECTION ( 'NONE',  ( 0.000000000000000000, -1.000000000000000000, 0.000000000000000000 ) ) ;
#363 = LINE ( 'NONE', #1052, #2365 ) ;
#364 = FILL_AREA_STYLE ('',( #154 ) ) ;
#365 = CARTESIAN_POINT ( 'NONE',  ( 48.00000000000000000, 2.000000000000000000, 24.00000000000000000 ) ) ;
#366 = AXIS2_PLACEMENT_3D ( 'NONE', #689, #341, #1066 ) ;
#367 = DIRECTION ( 'NONE',  ( 0.000000000000000000, 0.000000000000000000, 1.000000000000000000 ) ) ;
#368 = ORIENTED_EDGE ( 'NONE', *, *, #2358, .T. ) ;
#369 = DIRECTION ( 'NONE',  ( 1.000000000000000000, 0.000000000000000000, 0.000000000000000000 ) ) ;
#370 = PLANE ( 'NONE',  #2193 ) ;
#371 = VERTEX_POINT ( 'NONE', #342 ) ;
#372 = VERTEX_POINT ( 'NONE', #2137 ) ;
#373 = ORIENTED_EDGE ( 'NONE', *, *, #1099, .T. ) ;
#374 = LINE ( 'NONE', #926, #472 ) ;
#375 = LINE ( 'NONE', #51, #2175 ) ;
#376 = PLANE ( 'NONE',  #2084 ) ;
#377 = CARTESIAN_POINT ( 'NONE',  ( -43.00000000000000000, 0.000000000000000000, 11.06058194087100155 ) ) ;
#378 = DIRECTION ( 'NONE',  ( 0.000000000000000000, 0.000000000000000000, 1.000000000000000000 ) ) ;
#379 = CARTESIAN_POINT ( 'NONE',  ( 26.59878053314328028, 12.00000000000000000, 11.00000000000000355 ) ) ;
#380 = EDGE_LOOP ( 'NONE', ( #2284, #162, #1705, #1909, #702, #373 ) ) ;
#381 = ORIENTED_EDGE ( 'NONE', *, *, #1022, .T. ) ;
#382 = ORIENTED_EDGE ( 'NONE', *, *, #822, .F. ) ;
#383 = AXIS2_PLACEMENT_3D ( 'NONE', #864, #1209, #1421 ) ;
#384 = EDGE_CURVE ( 'NONE', #2072, #2041, #1599, .T. ) ;
#385 = CARTESIAN_POINT ( 'NONE',  ( -1.499999858438964218, 2.250000000000000444, 2.080310372754190507 ) ) ;
#386 = LINE ( 'NONE', #1680, #306 ) ;
#387 = EDGE_CURVE ( 'NONE', #2177, #328, #2160, .T. ) ;
#388 = DIRECTION ( 'NONE',  ( 0.000000000000000000, 0.000000000000000000, -1.000000000000000000 ) ) ;
#389 = CARTESIAN_POINT ( 'NONE',  ( 62.50000000000000000, 18.00000000000000000, 5.500000000000000888 ) ) ;
#390 = CARTESIAN_POINT ( 'NONE',  ( -7.999999523162838244, 11.00000000000000178, 31.00000000000000000 ) ) ;
#391 = DIRECTION ( 'NONE',  ( -0.000000000000000000, -0.000000000000000000, 1.000000000000000000 ) ) ;
#392 = PRODUCT_DEFINITION_SHAPE ( 'NONE', 'NONE',  #866 ) ;
#393 = CARTESIAN_POINT ( 'NONE',  ( -15.00000000000000000, 5.000000000000000888, 28.49999999999999645 ) ) ;
#394 = LINE ( 'NONE', #1686, #1080 ) ;
#395 = CARTESIAN_POINT ( 'NONE',  ( 49.00000000000000000, 5.000000000000000888, 6.500000000000000888 ) ) ;
#396 = ORIENTED_EDGE ( 'NONE', *, *, #2286, .T. ) ;
#397 = EDGE_CURVE ( 'NONE', #1718, #2054, #691, .T. ) ;
#398 = ORIENTED_EDGE ( 'NONE', *, *, #639, .F. ) ;
#399 = ADVANCED_FACE ( 'NONE', ( #1576 ), #2310, .T. ) ;
#400 = VERTEX_POINT ( 'NONE', #1976 ) ;
#401 = DIRECTION ( 'NONE',  ( -0.000000000000000000, 1.000000000000000000, 0.000000000000000000 ) ) ;
#402 = DIRECTION ( 'NONE',  ( 0.000000000000000000, 0.000000000000000000, -1.000000000000000000 ) ) ;
#403 = PLANE ( 'NONE',  #1833 ) ;
#404 = DIRECTION ( 'NONE',  ( 0.000000000000000000, 0.000000000000000000, 1.000000000000000000 ) ) ;
#405 = CARTESIAN_POINT ( 'NONE',  ( -27.75000000000000355, 4.000000000000000000, 31.50000000000000000 ) ) ;
#406 = CARTESIAN_POINT ( 'NONE',  ( -46.62500000000000000, 9.000000000000000000, -26.00000000000000355 ) ) ;
#407 = CARTESIAN_POINT ( 'NONE',  ( -7.999999523162838244, 5.000000000000000888, 33.50000000000000000 ) ) ;
#408 = LINE ( 'NONE', #2061, #1579 ) ;
#409 = ORIENTED_EDGE ( 'NONE', *, *, #1100, .F. ) ;
#410 = AXIS2_PLACEMENT_3D ( 'NONE', #600, #983, #273 ) ;
#411 = EDGE_LOOP ( 'NONE', ( #98, #292, #2238, #222 ) ) ;
#412 = ORIENTED_EDGE ( 'NONE', *, *, #1603, .F. ) ;
#413 = DIRECTION ( 'NONE',  ( 1.000000000000000000, 0.000000000000000000, 0.000000000000000000 ) ) ;
#414 = ORIENTED_EDGE ( 'NONE', *, *, #1808, .F. ) ;
#415 = CARTESIAN_POINT ( 'NONE',  ( 26.59878053314328028, 2.000000000000000000, 24.00000000000000000 ) ) ;
#416 = CARTESIAN_POINT ( 'NONE',  ( 22.12500000000000355, 4.000000000000000000, 28.49999999999999645 ) ) ;
#417 = ORIENTED_EDGE ( 'NONE', *, *, #1321, .T. ) ;
#418 = DIRECTION ( 'NONE',  ( 0.000000000000000000, 0.000000000000000000, 1.000000000000000000 ) ) ;
#419 = DIRECTION ( 'NONE',  ( 0.000000000000000000, 1.000000000000000000, 0.000000000000000000 ) ) ;
#420 = VERTEX_POINT ( 'NONE', #120 ) ;
#421 = VECTOR ( 'NONE', #1234, 1000.000000000000000 ) ;
#422 = EDGE_CURVE ( 'NONE', #1886, #1689, #1984, .T. ) ;
#423 = CIRCLE ( 'NONE', #1953, 2.250000357263550299 ) ;
#424 = ORIENTED_EDGE ( 'NONE', *, *, #130, .T. ) ;
#425 = ORIENTED_EDGE ( 'NONE', *, *, #1916, .T. ) ;
#426 = AXIS2_PLACEMENT_3D ( 'NONE', #211, #2032, #41 ) ;
#427 = DIRECTION ( 'NONE',  ( 4.566929878185590008E-28, -1.000000000000000000, -6.728240443654459311E-18 ) ) ;
#428 = EDGE_LOOP ( 'NONE', ( #1526, #2164, #2043, #726 ) ) ;
#429 = FILL_AREA_STYLE_COLOUR ( '', #1189 ) ;
#430 = LINE ( 'NONE', #774, #359 ) ;
#431 = VERTEX_POINT ( 'NONE', #1950 ) ;
#432 = VECTOR ( 'NONE', #2298, 1000.000000000000000 ) ;
#433 = ADVANCED_FACE ( 'NONE', ( #1214 ), #307, .F. ) ;
#434 = DIRECTION ( 'NONE',  ( 1.000000000000000000, 0.000000000000000000, 0.000000000000000000 ) ) ;
#435 = CARTESIAN_POINT ( 'NONE',  ( 34.00000000000000000, 9.500000000000001776, 31.00000000000000000 ) ) ;
#436 = ORIENTED_EDGE ( 'NONE', *, *, #1361, .T. ) ;
#437 = ADVANCED_FACE ( 'NONE', ( #476 ), #1204, .F. ) ;
#438 = VERTEX_POINT ( 'NONE', #186 ) ;
#439 = ORIENTED_EDGE ( 'NONE', *, *, #1030, .T. ) ;
#440 = AXIS2_PLACEMENT_3D ( 'NONE', #1129, #758, #1864 ) ;
#441 = EDGE_CURVE ( 'NONE', #948, #1978, #1463, .T. ) ;
#442 = DIRECTION ( 'NONE',  ( -0.000000000000000000, -0.000000000000000000, 1.000000000000000000 ) ) ;
#443 = EDGE_CURVE ( 'NONE', #1572, #309, #1684, .T. ) ;
#444 = VECTOR ( 'NONE', #1682, 1000.000000000000000 ) ;
#445 = CARTESIAN_POINT ( 'NONE',  ( -18.00000000000000000, 0.000000000000000000, -28.49999999999999645 ) ) ;
#446 = EDGE_LOOP ( 'NONE', ( #450, #807, #715, #1675, #2145, #949, #499, #614, #488, #1575 ) ) ;
#447 = DIRECTION ( 'NONE',  ( 0.000000000000000000, 1.000000000000000000, 6.728240443654459311E-18 ) ) ;
#448 = CARTESIAN_POINT ( 'NONE',  ( -43.00000000000000000, 18.00000000000000000, 28.49999999999999645 ) ) ;
#449 = ORIENTED_EDGE ( 'NONE', *, *, #782, .F. ) ;
#450 = ORIENTED_EDGE ( 'NONE', *, *, #1099, .F. ) ;
#451 = CIRCLE ( 'NONE', #1178, 2.250000357263550299 ) ;
#452 = DIRECTION ( 'NONE',  ( 0.000000000000000000, 0.000000000000000000, 1.000000000000000000 ) ) ;
#453 = ORIENTED_EDGE ( 'NONE', *, *, #1607, .F. ) ;
#454 = VECTOR ( 'NONE', #1622, 1000.000000000000000 ) ;
#455 = LINE ( 'NONE', #1910, #1763 ) ;
#456 = DIRECTION ( 'NONE',  ( 0.000000000000000000, 0.000000000000000000, -1.000000000000000000 ) ) ;
#457 = ORIENTED_EDGE ( 'NONE', *, *, #1664, .F. ) ;
#458 = ADVANCED_FACE ( 'NONE', ( #200 ), #1812, .F. ) ;
#459 = ORIENTED_EDGE ( 'NONE', *, *, #505, .F. ) ;
#460 = VECTOR ( 'NONE', #27, 1000.000000000000000 ) ;
#461 = EDGE_CURVE ( 'NONE', #673, #1291, #170, .T. ) ;
#462 = CARTESIAN_POINT ( 'NONE',  ( 34.00000000000000000, 9.500000000000001776, 33.50000000000000000 ) ) ;
#463 = CARTESIAN_POINT ( 'NONE',  ( -49.00000000000000000, 5.000000000000000888, 7.500000000000000000 ) ) ;
#464 = ORIENTED_EDGE ( 'NONE', *, *, #397, .T. ) ;
#465 = ADVANCED_FACE ( 'NONE', ( #1995, #2197, #2, #43 ), #1315, .F. ) ;
#466 = LINE ( 'NONE', #1537, #752 ) ;
#467 = FACE_OUTER_BOUND ( 'NONE', #50, .T. ) ;
#468 = ORIENTED_EDGE ( 'NONE', *, *, #1356, .F. ) ;
#469 = EDGE_LOOP ( 'NONE', ( #2059, #60, #2345, #35 ) ) ;
#470 = AXIS2_PLACEMENT_3D ( 'NONE', #1975, #1598, #882 ) ;
#471 = EDGE_CURVE ( 'NONE', #1848, #111, #551, .T. ) ;
#472 = VECTOR ( 'NONE', #13, 1000.000000000000000 ) ;
#473 = LINE ( 'NONE', #1928, #572 ) ;
#474 = CARTESIAN_POINT ( 'NONE',  ( -1.124999833293260032, 11.00000000000000178, 33.50000000000000000 ) ) ;
#475 = AXIS2_PLACEMENT_3D ( 'NONE', #1636, #1329, #542 ) ;
#476 = FACE_OUTER_BOUND ( 'NONE', #1097, .T. ) ;
#477 = CARTESIAN_POINT ( 'NONE',  ( -55.00000000000000711, 5.000000000000000888, -1.000000004967060097 ) ) ;
#478 = EDGE_LOOP ( 'NONE', ( #398, #2219, #1422, #412 ) ) ;
#479 = DIRECTION ( 'NONE',  ( -1.000000000000000000, 0.000000000000000000, 0.000000000000000000 ) ) ;
#480 = EDGE_LOOP ( 'NONE', ( #1011, #655, #118, #241 ) ) ;
#481 = VECTOR ( 'NONE', #71, 1000.000000000000000 ) ;
#482 = DIRECTION ( 'NONE',  ( 0.000000000000000000, 1.000000000000000000, 0.000000000000000000 ) ) ;
#483 = DIRECTION ( 'NONE',  ( 0.000000000000000000, 1.000000000000000000, 0.000000000000000000 ) ) ;
#484 = ORIENTED_EDGE ( 'NONE', *, *, #1958, .T. ) ;
#485 = CARTESIAN_POINT ( 'NONE',  ( 34.00000000000000000, 5.000000000000000888, 31.00000000000000000 ) ) ;
#486 = EDGE_CURVE ( 'NONE', #1079, #126, #537, .T. ) ;
#487 = DIRECTION ( 'NONE',  ( 0.000000000000000000, 1.000000000000000000, 0.000000000000000000 ) ) ;
#488 = ORIENTED_EDGE ( 'NONE', *, *, #639, .T. ) ;
#489 = DIRECTION ( 'NONE',  ( -1.000000000000000000, 0.000000000000000000, 0.000000000000000000 ) ) ;
#490 = ORIENTED_EDGE ( 'NONE', *, *, #1777, .F. ) ;
#491 = LINE ( 'NONE', #314, #1650 ) ;
#492 = CARTESIAN_POINT ( 'NONE',  ( 21.50000014156103489, 2.250000000000000444, 28.49999999999999645 ) ) ;
#493 = VECTOR ( 'NONE', #2237, 1000.000000000000000 ) ;
#494 = CARTESIAN_POINT ( 'NONE',  ( 21.50000014156103489, 2.250000000000000444, 2.080310372754190507 ) ) ;
#495 = CARTESIAN_POINT ( 'NONE',  ( -15.00000000000000000, 11.00000000000000178, 33.50000000000000000 ) ) ;
#496 = ORIENTED_EDGE ( 'NONE', *, *, #1109, .T. ) ;
#497 = CIRCLE ( 'NONE', #575, 1.000000000000000888 ) ;
#498 = FACE_OUTER_BOUND ( 'NONE', #909, .T. ) ;
#499 = ORIENTED_EDGE ( 'NONE', *, *, #1860, .T. ) ;
#500 = EDGE_CURVE ( 'NONE', #850, #2201, #1656, .T. ) ;
#501 = EDGE_CURVE ( 'NONE', #2078, #191, #29, .T. ) ;
#502 = DIRECTION ( 'NONE',  ( 4.566929878185590008E-28, -1.000000000000000000, -6.728240443654459311E-18 ) ) ;
#503 = DIRECTION ( 'NONE',  ( 0.000000000000000000, 0.000000000000000000, -1.000000000000000000 ) ) ;
#504 = VECTOR ( 'NONE', #2229, 1000.000000000000000 ) ;
#505 = EDGE_CURVE ( 'NONE', #592, #2233, #955, .T. ) ;
#506 = DIRECTION ( 'NONE',  ( 1.000000000000000000, 0.000000000000000000, 0.000000000000000000 ) ) ;
#507 = CARTESIAN_POINT ( 'NONE',  ( -62.50000000000000000, 18.00000000000000000, 5.500000000000000888 ) ) ;
#508 = CARTESIAN_POINT ( 'NONE',  ( -61.50000000000000000, 18.00000000000000000, 6.500000000000000888 ) ) ;
#509 = DIRECTION ( 'NONE',  ( 1.000000000000000000, 0.000000000000000000, 0.000000000000000000 ) ) ;
#510 = EDGE_LOOP ( 'NONE', ( #1601, #2234, #1058, #1522 ) ) ;
#511 = ORIENTED_EDGE ( 'NONE', *, *, #1402, .T. ) ;
#512 = DIRECTION ( 'NONE',  ( -1.000000000000000000, 0.000000000000000000, 0.000000000000000000 ) ) ;
#513 = FACE_BOUND ( 'NONE', #796, .T. ) ;
#514 = VECTOR ( 'NONE', #121, 1000.000000000000000 ) ;
#515 = SHAPE_DEFINITION_REPRESENTATION ( #392, #1081 ) ;
#516 = FACE_OUTER_BOUND ( 'NONE', #207, .T. ) ;
#517 = DIRECTION ( 'NONE',  ( 0.000000000000000000, -1.000000000000000000, 0.000000000000000000 ) ) ;
#518 = CYLINDRICAL_SURFACE ( 'NONE', #969, 1.000000000000000888 ) ;
#519 = VERTEX_POINT ( 'NONE', #1868 ) ;
#520 = ORIENTED_EDGE ( 'NONE', *, *, #2099, .F. ) ;
#521 = EDGE_CURVE ( 'NONE', #1578, #869, #1643, .T. ) ;
#522 = CARTESIAN_POINT ( 'NONE',  ( -46.62500000000000000, 15.12500000000000000, -28.49999999999999645 ) ) ;
#523 = CARTESIAN_POINT ( 'NONE',  ( 26.59878053314328028, 2.000000000000000000, 24.00000000000000000 ) ) ;
#524 = AXIS2_PLACEMENT_3D ( 'NONE', #2326, #1434, #1411 ) ;
#525 = DIRECTION ( 'NONE',  ( 0.000000000000000000, -1.000000000000000000, 0.000000000000000000 ) ) ;
#526 = AXIS2_PLACEMENT_3D ( 'NONE', #2066, #237, #1323 ) ;
#527 = CARTESIAN_POINT ( 'NONE',  ( 55.19230769230770051, 5.000000000000000888, -8.500000000000000000 ) ) ;
#528 = CARTESIAN_POINT ( 'NONE',  ( 49.00000000000000000, 5.000000000000000888, 6.500000000000000888 ) ) ;
#529 = VERTEX_POINT ( 'NONE', #1854 ) ;
#530 = CIRCLE ( 'NONE', #2176, 1.000000000000000888 ) ;
#531 = ORIENTED_EDGE ( 'NONE', *, *, #1282, .T. ) ;
#532 = VERTEX_POINT ( 'NONE', #944 ) ;
#533 = VECTOR ( 'NONE', #1373, 1000.000000000000000 ) ;
#534 = LINE ( 'NONE', #2133, #236 ) ;
#535 = CARTESIAN_POINT ( 'NONE',  ( 61.50000000000000000, 18.00000000000000000, 6.500000000000000888 ) ) ;
#536 = PLANE ( 'NONE',  #1310 ) ;
#537 = LINE ( 'NONE', #2035, #1939 ) ;
#538 = AXIS2_PLACEMENT_3D ( 'NONE', #187, #378, #897 ) ;
#539 = DIRECTION ( 'NONE',  ( 0.000000000000000000, 0.000000000000000000, -1.000000000000000000 ) ) ;
#540 = ORIENTED_EDGE ( 'NONE', *, *, #1049, .F. ) ;
#541 = CARTESIAN_POINT ( 'NONE',  ( 48.00000000000000000, 18.00000000000000000, 7.500000000000000000 ) ) ;
#542 = DIRECTION ( 'NONE',  ( 0.000000000000000000, -0.000000000000000000, 1.000000000000000000 ) ) ;
#543 = ORIENTED_EDGE ( 'NONE', *, *, #2303, .F. ) ;
#544 = VECTOR ( 'NONE', #745, 1000.000000000000000 ) ;
#545 = CLOSED_SHELL ( 'NONE', ( #1733, #1101, #1181, #2313, #322, #819, #1555, #1280, #1588, #1832, #2339, #225, #1516, #433, #1486, #184, #2107, #2029, #886, #826, #1713, #2151, #2200, #465, #878, #928, #1676, #1170, #988, #399, #1536, #313, #1837, #2279, #271, #1053, #361, #1278, #1128, #674, #1360, #2332, #87, #708, #1987, #703, #606, #2185, #245, #855, #660, #81, #1231, #1414, #567, #266, #753, #2361, #140, #616, #1448, #26, #458, #1941, #437, #1344, #1883, #64, #37, #1483, #1180, #1739 ) ) ;
#546 = EDGE_LOOP ( 'NONE', ( #417, #1500, #2098, #624 ) ) ;
#547 = ORIENTED_EDGE ( 'NONE', *, *, #889, .T. ) ;
#548 = DIRECTION ( 'NONE',  ( 0.000000000000000000, 0.000000000000000000, 1.000000000000000000 ) ) ;
#549 = LINE ( 'NONE', #1836, #1340 ) ;
#550 = CARTESIAN_POINT ( 'NONE',  ( 33.37500000000000000, 5.791666666666670515, 28.49999999999999645 ) ) ;
#551 = LINE ( 'NONE', #1120, #1626 ) ;
#552 = VECTOR ( 'NONE', #243, 1000.000000000000000 ) ;
#553 = CARTESIAN_POINT ( 'NONE',  ( 7.916666721925140315, 13.00000000000000178, 28.49999999999999645 ) ) ;
#554 = EDGE_CURVE ( 'NONE', #294, #1578, #1450, .T. ) ;
#555 = DIRECTION ( 'NONE',  ( 0.000000000000000000, 1.000000000000000000, 0.000000000000000000 ) ) ;
#556 = ORIENTED_EDGE ( 'NONE', *, *, #1798, .F. ) ;
#557 = EDGE_CURVE ( 'NONE', #94, #1637, #228, .T. ) ;
#558 = EDGE_LOOP ( 'NONE', ( #1948, #1708, #172, #1738 ) ) ;
#559 = ORIENTED_EDGE ( 'NONE', *, *, #1737, .F. ) ;
#560 = AXIS2_PLACEMENT_3D ( 'NONE', #1477, #1436, #168 ) ;
#561 = CARTESIAN_POINT ( 'NONE',  ( -46.62500000000000000, 15.12500000000000000, -23.50000000000000000 ) ) ;
#562 = DIRECTION ( 'NONE',  ( 1.000000000000000000, 0.000000000000000000, 0.000000000000000000 ) ) ;
#563 = DIRECTION ( 'NONE',  ( 0.000000000000000000, 0.000000000000000000, -1.000000000000000000 ) ) ;
#564 = LINE ( 'NONE', #1880, #1772 ) ;
#565 = DIRECTION ( 'NONE',  ( 1.000000000000000000, 0.000000000000000000, 0.000000000000000000 ) ) ;
#566 = CARTESIAN_POINT ( 'NONE',  ( 44.37500000000000000, 15.12500000000000000, -23.50000000000000000 ) ) ;
#567 = ADVANCED_FACE ( 'NONE', ( #762 ), #353, .F. ) ;
#568 = DIRECTION ( 'NONE',  ( 1.000000000000000000, -0.000000000000000000, -0.000000000000000000 ) ) ;
#569 = FACE_OUTER_BOUND ( 'NONE', #667, .T. ) ;
#570 = CARTESIAN_POINT ( 'NONE',  ( 19.00000000000000355, 15.50000000000000000, -22.00000000000000355 ) ) ;
#571 = ORIENTED_EDGE ( 'NONE', *, *, #2342, .T. ) ;
#572 = VECTOR ( 'NONE', #650, 1000.000000000000000 ) ;
#573 = DIRECTION ( 'NONE',  ( 1.000000000000000000, 0.000000000000000000, 0.000000000000000000 ) ) ;
#574 = ORIENTED_EDGE ( 'NONE', *, *, #554, .T. ) ;
#575 = AXIS2_PLACEMENT_3D ( 'NONE', #1387, #875, #1955 ) ;
#576 = EDGE_CURVE ( 'NONE', #234, #798, #1258, .T. ) ;
#577 = PLANE ( 'NONE',  #440 ) ;
#578 = CARTESIAN_POINT ( 'NONE',  ( -43.00000000000000000, 18.00000000000000000, 33.50000000000000000 ) ) ;
#579 = CARTESIAN_POINT ( 'NONE',  ( 44.37500000000000000, 2.875000000000000444, -28.49999999999999645 ) ) ;
#580 = DIRECTION ( 'NONE',  ( 0.000000000000000000, 0.000000000000000000, 1.000000000000000000 ) ) ;
#581 = CARTESIAN_POINT ( 'NONE',  ( 27.75000000000000355, 5.750000000000000888, 31.50000000000000000 ) ) ;
#582 = EDGE_CURVE ( 'NONE', #2008, #839, #2182, .T. ) ;
#583 = CARTESIAN_POINT ( 'NONE',  ( 46.62500000000000000, 2.875000000000000444, -28.49999999999999645 ) ) ;
#584 = VECTOR ( 'NONE', #1631, 1000.000000000000000 ) ;
#585 = VECTOR ( 'NONE', #748, 1000.000000000000000 ) ;
#586 = CARTESIAN_POINT ( 'NONE',  ( -15.00000000000000000, 11.00000000000000178, 28.49999999999999645 ) ) ;
#587 = CARTESIAN_POINT ( 'NONE',  ( -43.00000000000000000, 6.604166666666671404, 28.49999999999999645 ) ) ;
#588 = VERTEX_POINT ( 'NONE', #365 ) ;
#589 = ORIENTED_EDGE ( 'NONE', *, *, #1603, .T. ) ;
#590 = ORIENTED_EDGE ( 'NONE', *, *, #938, .T. ) ;
#591 = CARTESIAN_POINT ( 'NONE',  ( -55.00000000000000711, 5.000000000000000888, -3.250000362230610396 ) ) ;
#592 = VERTEX_POINT ( 'NONE', #1091 ) ;
#593 = LINE ( 'NONE', #2057, #2027 ) ;
#594 = CARTESIAN_POINT ( 'NONE',  ( 33.37500000000000000, 5.750000000000000888, 28.49999999999999645 ) ) ;
#595 = ORIENTED_EDGE ( 'NONE', *, *, #1376, .F. ) ;
#596 = CARTESIAN_POINT ( 'NONE',  ( 21.50000014156103489, 15.25000000000000000, 2.080310372754190507 ) ) ;
#597 = PRODUCT_DEFINITION_CONTEXT ( 'detailed design', #799, 'design' ) ;
#598 = VECTOR ( 'NONE', #565, 1000.000000000000000 ) ;
#599 = CARTESIAN_POINT ( 'NONE',  ( 23.87500004749750104, 5.000000000000000888, 33.50000000000000000 ) ) ;
#600 = CARTESIAN_POINT ( 'NONE',  ( -61.50000000000000000, 18.00000000000000000, 5.500000000000000888 ) ) ;
#601 = VERTEX_POINT ( 'NONE', #1825 ) ;
#602 = ORIENTED_EDGE ( 'NONE', *, *, #180, .T. ) ;
#603 = ORIENTED_EDGE ( 'NONE', *, *, #1008, .T. ) ;
#604 = PLANE ( 'NONE',  #526 ) ;
#605 = ORIENTED_EDGE ( 'NONE', *, *, #2157, .T. ) ;
#606 = ADVANCED_FACE ( 'NONE', ( #681 ), #1543, .T. ) ;
#607 = LINE ( 'NONE', #1118, #1152 ) ;
#608 = FACE_OUTER_BOUND ( 'NONE', #1499, .T. ) ;
#609 = ORIENTED_EDGE ( 'NONE', *, *, #1185, .F. ) ;
#610 = EDGE_CURVE ( 'NONE', #907, #294, #2079, .T. ) ;
#611 = EDGE_CURVE ( 'NONE', #1188, #980, #1036, .T. ) ;
#612 = CARTESIAN_POINT ( 'NONE',  ( -45.50000000000000711, 15.12500000000000000, -23.50000000000000000 ) ) ;
#613 = FACE_OUTER_BOUND ( 'NONE', #2110, .T. ) ;
#614 = ORIENTED_EDGE ( 'NONE', *, *, #1783, .F. ) ;
#615 = AXIS2_PLACEMENT_3D ( 'NONE', #1247, #1962, #879 ) ;
#616 = ADVANCED_FACE ( 'NONE', ( #656 ), #250, .F. ) ;
#617 = VECTOR ( 'NONE', #773, 1000.000000000000000 ) ;
#618 = VERTEX_POINT ( 'NONE', #1218 ) ;
#619 = ORIENTED_EDGE ( 'NONE', *, *, #1655, .F. ) ;
#620 = LINE ( 'NONE', #2261, #1610 ) ;
#621 = EDGE_LOOP ( 'NONE', ( #2153, #677, #602, #531, #439, #648, #244, #1893 ) ) ;
#622 = FACE_OUTER_BOUND ( 'NONE', #1333, .T. ) ;
#623 = CARTESIAN_POINT ( 'NONE',  ( 2.000000000000000000, 13.00000000000000178, -28.49999999999999645 ) ) ;
#624 = ORIENTED_EDGE ( 'NONE', *, *, #1679, .F. ) ;
#625 = DIRECTION ( 'NONE',  ( 0.000000000000000000, -1.000000000000000000, 0.000000000000000000 ) ) ;
#626 = DIRECTION ( 'NONE',  ( 1.000000000000000000, 0.000000000000000000, 0.000000000000000000 ) ) ;
#627 = VERTEX_POINT ( 'NONE', #976 ) ;
#628 = ORIENTED_EDGE ( 'NONE', *, *, #2154, .T. ) ;
#629 = VECTOR ( 'NONE', #1991, 1000.000000000000000 ) ;
#630 = VECTOR ( 'NONE', #1496, 1000.000000000000000 ) ;
#631 = LINE ( 'NONE', #1938, #1217 ) ;
#632 = EDGE_CURVE ( 'NONE', #1986, #1060, #497, .T. ) ;
#633 = CYLINDRICAL_SURFACE ( 'NONE', #136, 2.250000357263550299 ) ;
#634 = CARTESIAN_POINT ( 'NONE',  ( -48.00000000000000000, 18.00000000000000000, 1.173654845127690249 ) ) ;
#635 = ORIENTED_EDGE ( 'NONE', *, *, #757, .F. ) ;
#636 = EDGE_CURVE ( 'NONE', #2322, #1718, #63, .T. ) ;
#637 = VERTEX_POINT ( 'NONE', #1768 ) ;
#638 = CIRCLE ( 'NONE', #1518, 2.250000357263550299 ) ;
#639 = EDGE_CURVE ( 'NONE', #601, #2355, #999, .T. ) ;
#640 = FACE_OUTER_BOUND ( 'NONE', #1634, .T. ) ;
#641 = LINE ( 'NONE', #305, #1566 ) ;
#642 = ORIENTED_EDGE ( 'NONE', *, *, #680, .T. ) ;
#643 = EDGE_CURVE ( 'NONE', #1151, #783, #112, .T. ) ;
#644 = FACE_OUTER_BOUND ( 'NONE', #346, .T. ) ;
#645 = CARTESIAN_POINT ( 'NONE',  ( 43.00000000000000000, 0.000000000000000000, -28.49999999999999645 ) ) ;
#646 = ORIENTED_EDGE ( 'NONE', *, *, #1100, .T. ) ;
#647 = EDGE_CURVE ( 'NONE', #790, #68, #1024, .T. ) ;
#648 = ORIENTED_EDGE ( 'NONE', *, *, #3, .T. ) ;
#649 = VECTOR ( 'NONE', #482, 1000.000000000000000 ) ;
#650 = DIRECTION ( 'NONE',  ( 0.000000000000000000, -1.000000000000000000, 0.000000000000000000 ) ) ;
#651 = DIRECTION ( 'NONE',  ( 1.000000000000000000, 0.000000000000000000, 0.000000000000000000 ) ) ;
#652 = ORIENTED_EDGE ( 'NONE', *, *, #2132, .T. ) ;
#653 = CARTESIAN_POINT ( 'NONE',  ( -55.00000000000000711, 5.000000000000000888, -1.000000004967060097 ) ) ;
#654 = CARTESIAN_POINT ( 'NONE',  ( -49.00000000000000000, 5.000000000000000888, 6.500000000000000888 ) ) ;
#655 = ORIENTED_EDGE ( 'NONE', *, *, #1729, .T. ) ;
#656 = FACE_OUTER_BOUND ( 'NONE', #1438, .T. ) ;
#657 = ORIENTED_EDGE ( 'NONE', *, *, #219, .F. ) ;
#658 = AXIS2_PLACEMENT_3D ( 'NONE', #318, #525, #870 ) ;
#659 = VECTOR ( 'NONE', #1175, 1000.000000000000000 ) ;
#660 = ADVANCED_FACE ( 'NONE', ( #1528 ), #1756, .T. ) ;
#661 = LINE ( 'NONE', #1213, #718 ) ;
#662 = ORIENTED_EDGE ( 'NONE', *, *, #2358, .F. ) ;
#663 = VECTOR ( 'NONE', #199, 1000.000000000000000 ) ;
#664 = PLANE ( 'NONE',  #728 ) ;
#665 = EDGE_CURVE ( 'NONE', #696, #980, #1840, .T. ) ;
#666 = DIRECTION ( 'NONE',  ( 0.000000000000000000, -1.000000000000000000, -6.728240443654459311E-18 ) ) ;
#667 = EDGE_LOOP ( 'NONE', ( #1156, #2150, #844, #1890 ) ) ;
#668 = DIRECTION ( 'NONE',  ( -1.000000000000000000, 0.000000000000000000, 0.000000000000000000 ) ) ;
#669 = ORIENTED_EDGE ( 'NONE', *, *, #1534, .F. ) ;
#670 = PRODUCT_DEFINITION_FORMATION_WITH_SPECIFIED_SOURCE ( 'ANY', '', #1263, .NOT_KNOWN. ) ;
#671 = DIRECTION ( 'NONE',  ( 0.000000000000000000, 1.000000000000000000, 0.000000000000000000 ) ) ;
#672 = CYLINDRICAL_SURFACE ( 'NONE', #1875, 4.999999999999997335 ) ;
#673 = VERTEX_POINT ( 'NONE', #1169 ) ;
#674 = ADVANCED_FACE ( 'NONE', ( #2140, #498 ), #987, .F. ) ;
#675 = DIRECTION ( 'NONE',  ( -1.000000000000000000, 0.000000000000000000, 0.000000000000000000 ) ) ;
#676 = DIRECTION ( 'NONE',  ( 1.000000000000000000, 0.000000000000000000, 0.000000000000000000 ) ) ;
#677 = ORIENTED_EDGE ( 'NONE', *, *, #731, .T. ) ;
#678 = EDGE_CURVE ( 'NONE', #10, #1848, #1905, .T. ) ;
#679 = EDGE_CURVE ( 'NONE', #696, #2271, #2130, .T. ) ;
#680 = EDGE_CURVE ( 'NONE', #783, #338, #137, .T. ) ;
#681 = FACE_OUTER_BOUND ( 'NONE', #1085, .T. ) ;
#682 = ORIENTED_EDGE ( 'NONE', *, *, #2203, .F. ) ;
#683 = EDGE_CURVE ( 'NONE', #1470, #2187, #620, .T. ) ;
#684 = EDGE_CURVE ( 'NONE', #194, #372, #695, .T. ) ;
#685 = CARTESIAN_POINT ( 'NONE',  ( 33.37500000000000000, 4.000000000000000000, 30.00000000000000000 ) ) ;
#686 = FACE_OUTER_BOUND ( 'NONE', #621, .T. ) ;
#687 = ORIENTED_EDGE ( 'NONE', *, *, #1241, .F. ) ;
#688 = VECTOR ( 'NONE', #877, 1000.000000000000000 ) ;
#689 = CARTESIAN_POINT ( 'NONE',  ( 0.000000000000000000, 0.000000000000000000, 0.000000000000000000 ) ) ;
#690 = CARTESIAN_POINT ( 'NONE',  ( -7.999999523162838244, 7.354166666666670515, 28.49999999999999645 ) ) ;
#691 = LINE ( 'NONE', #845, #454 ) ;
#692 = CARTESIAN_POINT ( 'NONE',  ( 22.12500000000000355, 5.750000000000000888, 30.00000000000000000 ) ) ;
#693 = ORIENTED_EDGE ( 'NONE', *, *, #1954, .F. ) ;
#694 = AXIS2_PLACEMENT_3D ( 'NONE', #1580, #1592, #2315 ) ;
#695 = LINE ( 'NONE', #1347, #1924 ) ;
#696 = VERTEX_POINT ( 'NONE', #541 ) ;
#697 = LINE ( 'NONE', #2371, #2297 ) ;
#698 = DIRECTION ( 'NONE',  ( -0.000000000000000000, -1.000000000000000000, 0.000000000000000000 ) ) ;
#699 = LINE ( 'NONE', #690, #1502 ) ;
#700 = LINE ( 'NONE', #1780, #115 ) ;
#701 = FACE_OUTER_BOUND ( 'NONE', #1957, .T. ) ;
#702 = ORIENTED_EDGE ( 'NONE', *, *, #1423, .F. ) ;
#703 = ADVANCED_FACE ( 'NONE', ( #1815 ), #149, .F. ) ;
#704 = DIRECTION ( 'NONE',  ( -0.000000000000000000, -0.000000000000000000, 1.000000000000000000 ) ) ;
#705 = ORIENTED_EDGE ( 'NONE', *, *, #2267, .T. ) ;
#706 = DIRECTION ( 'NONE',  ( -1.000000000000000000, 0.000000000000000000, 0.000000000000000000 ) ) ;
#707 = FACE_OUTER_BOUND ( 'NONE', #510, .T. ) ;
#708 = ADVANCED_FACE ( 'NONE', ( #173 ), #1635, .F. ) ;
#709 =( NAMED_UNIT ( * ) PLANE_ANGLE_UNIT ( ) SI_UNIT ( $, .RADIAN. ) );
#710 = DIRECTION ( 'NONE',  ( 1.000000000000000000, 0.000000000000000000, 0.000000000000000000 ) ) ;
#711 = CARTESIAN_POINT ( 'NONE',  ( 61.50000000000000000, 18.00000000000000000, -7.500000000000000000 ) ) ;
#712 = ORIENTED_EDGE ( 'NONE', *, *, #1321, .F. ) ;
#713 = DIRECTION ( 'NONE',  ( 0.000000000000000000, 1.000000000000000000, 0.000000000000000000 ) ) ;
#714 = ORIENTED_EDGE ( 'NONE', *, *, #1087, .F. ) ;
#715 = ORIENTED_EDGE ( 'NONE', *, *, #2094, .F. ) ;
#716 = CYLINDRICAL_SURFACE ( 'NONE', #1920, 2.250000357263550299 ) ;
#717 = DIRECTION ( 'NONE',  ( -0.000000000000000000, 1.000000000000000000, 0.000000000000000000 ) ) ;
#718 = VECTOR ( 'NONE', #1031, 1000.000000000000000 ) ;
#719 = CARTESIAN_POINT ( 'NONE',  ( 61.50000000000000000, 18.00000000000000000, -7.500000000000000000 ) ) ;
#720 = VECTOR ( 'NONE', #2210, 1000.000000000000000 ) ;
#721 = CARTESIAN_POINT ( 'NONE',  ( 6.166666729996600260, 6.708333333333330373, 28.49999999999999645 ) ) ;
#722 = CARTESIAN_POINT ( 'NONE',  ( 48.00000000000000000, 18.00000000000000000, -28.49999999999999645 ) ) ;
#723 = ORIENTED_EDGE ( 'NONE', *, *, #3, .F. ) ;
#724 = MECHANICAL_DESIGN_GEOMETRIC_PRESENTATION_REPRESENTATION (  '', ( #2106 ), #1571 ) ;
#725 = DIRECTION ( 'NONE',  ( 0.000000000000000000, 0.000000000000000000, -1.000000000000000000 ) ) ;
#726 = ORIENTED_EDGE ( 'NONE', *, *, #2203, .T. ) ;
#727 = ORIENTED_EDGE ( 'NONE', *, *, #1361, .F. ) ;
#728 = AXIS2_PLACEMENT_3D ( 'NONE', #1792, #1249, #1752 ) ;
#729 = LINE ( 'NONE', #2166, #1447 ) ;
#730 = CARTESIAN_POINT ( 'NONE',  ( 61.50000000000000000, 18.00000000000000000, 6.500000000000000888 ) ) ;
#731 = EDGE_CURVE ( 'NONE', #1529, #2008, #1466, .T. ) ;
#732 = DIRECTION ( 'NONE',  ( 1.000000000000000000, 0.000000000000000000, 0.000000000000000000 ) ) ;
#733 = DIRECTION ( 'NONE',  ( -0.000000000000000000, 1.000000000000000000, 0.000000000000000000 ) ) ;
#734 = AXIS2_PLACEMENT_3D ( 'NONE', #448, #1303, #780 ) ;
#735 = CARTESIAN_POINT ( 'NONE',  ( 43.00000000000000000, 2.000000000000000000, 24.00000000000000000 ) ) ;
#736 = EDGE_CURVE ( 'NONE', #673, #1897, #749, .T. ) ;
#737 = DIRECTION ( 'NONE',  ( 0.000000000000000000, 1.000000000000000000, 0.000000000000000000 ) ) ;
#738 = ORIENTED_EDGE ( 'NONE', *, *, #223, .F. ) ;
#739 = VECTOR ( 'NONE', #1338, 1000.000000000000000 ) ;
#740 = ORIENTED_EDGE ( 'NONE', *, *, #441, .F. ) ;
#741 = VERTEX_POINT ( 'NONE', #337 ) ;
#742 = CARTESIAN_POINT ( 'NONE',  ( 46.62500000000000000, 15.12500000000000000, -23.50000000000000000 ) ) ;
#743 = LINE ( 'NONE', #1488, #1148 ) ;
#744 = DIRECTION ( 'NONE',  ( 1.000000000000000000, 0.000000000000000000, 0.000000000000000000 ) ) ;
#745 = DIRECTION ( 'NONE',  ( 1.000000000000000000, 0.000000000000000000, 0.000000000000000000 ) ) ;
#746 = CARTESIAN_POINT ( 'NONE',  ( -17.70769230769229807, 18.00000000000000000, -28.49999999999999645 ) ) ;
#747 = AXIS2_PLACEMENT_3D ( 'NONE', #836, #666, #1215 ) ;
#748 = DIRECTION ( 'NONE',  ( 0.000000000000000000, 0.000000000000000000, 1.000000000000000000 ) ) ;
#749 = LINE ( 'NONE', #1288, #246 ) ;
#750 = CARTESIAN_POINT ( 'NONE',  ( 26.59878053314328028, 2.000000000000000000, 11.00000000000000355 ) ) ;
#751 = ORIENTED_EDGE ( 'NONE', *, *, #1165, .F. ) ;
#752 = VECTOR ( 'NONE', #70, 1000.000000000000000 ) ;
#753 = ADVANCED_FACE ( 'NONE', ( #2346 ), #899, .F. ) ;
#754 = LINE ( 'NONE', #2258, #1389 ) ;
#755 = VERTEX_POINT ( 'NONE', #1659 ) ;
#756 = AXIS2_PLACEMENT_3D ( 'NONE', #494, #1032, #1965 ) ;
#757 = EDGE_CURVE ( 'NONE', #372, #298, #5, .T. ) ;
#758 = DIRECTION ( 'NONE',  ( -0.000000000000000000, 1.000000000000000000, 0.000000000000000000 ) ) ;
#759 = CARTESIAN_POINT ( 'NONE',  ( 45.50000000000000711, 2.875000000000000444, -26.00000000000000355 ) ) ;
#760 = DIRECTION ( 'NONE',  ( 0.000000000000000000, 1.000000000000000000, 0.000000000000000000 ) ) ;
#761 = DIRECTION ( 'NONE',  ( 1.000000000000000000, 0.000000000000000000, 0.000000000000000000 ) ) ;
#762 = FACE_OUTER_BOUND ( 'NONE', #1554, .T. ) ;
#763 = CARTESIAN_POINT ( 'NONE',  ( -33.37500000000000000, 5.750000000000000888, 28.49999999999999645 ) ) ;
#764 = PRODUCT_RELATED_PRODUCT_CATEGORY ( 'part', '', ( #1263 ) ) ;
#765 = CARTESIAN_POINT ( 'NONE',  ( 7.916666721925140315, 13.00000000000000178, 28.49999999999999645 ) ) ;
#766 = DIRECTION ( 'NONE',  ( 0.000000000000000000, 0.000000000000000000, 1.000000000000000000 ) ) ;
#767 = VERTEX_POINT ( 'NONE', #161 ) ;
#768 = AXIS2_PLACEMENT_3D ( 'NONE', #1809, #1788, #706 ) ;
#769 = ORIENTED_EDGE ( 'NONE', *, *, #486, .F. ) ;
#770 = ORIENTED_EDGE ( 'NONE', *, *, #2016, .T. ) ;
#771 = LINE ( 'NONE', #730, #840 ) ;
#772 = ORIENTED_EDGE ( 'NONE', *, *, #998, .F. ) ;
#773 = DIRECTION ( 'NONE',  ( 0.000000000000000000, 0.000000000000000000, 1.000000000000000000 ) ) ;
#774 = CARTESIAN_POINT ( 'NONE',  ( -40.75000000000000000, 2.875000000000000444, -28.49999999999999645 ) ) ;
#775 = ORIENTED_EDGE ( 'NONE', *, *, #293, .F. ) ;
#776 = CARTESIAN_POINT ( 'NONE',  ( -15.00000000000000000, 7.354166666666670515, 28.49999999999999645 ) ) ;
#777 = CIRCLE ( 'NONE', #658, 1.000000000000000888 ) ;
#778 = VECTOR ( 'NONE', #509, 1000.000000000000000 ) ;
#779 = PLANE ( 'NONE',  #2118 ) ;
#780 = DIRECTION ( 'NONE',  ( -1.000000000000000000, 0.000000000000000000, 0.000000000000000000 ) ) ;
#781 = ORIENTED_EDGE ( 'NONE', *, *, #1664, .T. ) ;
#782 = EDGE_CURVE ( 'NONE', #2052, #2259, #1439, .T. ) ;
#783 = VERTEX_POINT ( 'NONE', #2038 ) ;
#784 = ORIENTED_EDGE ( 'NONE', *, *, #863, .T. ) ;
#785 = VECTOR ( 'NONE', #2060, 1000.000000000000000 ) ;
#786 = DIRECTION ( 'NONE',  ( 0.000000000000000000, 0.000000000000000000, -1.000000000000000000 ) ) ;
#787 = ORIENTED_EDGE ( 'NONE', *, *, #2206, .F. ) ;
#788 = DIRECTION ( 'NONE',  ( 1.000000000000000000, 0.000000000000000000, 0.000000000000000000 ) ) ;
#789 = CARTESIAN_POINT ( 'NONE',  ( 23.87500004749750104, 9.500000000000001776, 33.50000000000000000 ) ) ;
#790 = VERTEX_POINT ( 'NONE', #393 ) ;
#791 = EDGE_CURVE ( 'NONE', #1079, #1224, #2216, .T. ) ;
#792 = UNCERTAINTY_MEASURE_WITH_UNIT (LENGTH_MEASURE( 1.000000000000000082E-05 ), #131, 'distance_accuracy_value', 'NONE');
#793 = VECTOR ( 'NONE', #2146, 1000.000000000000000 ) ;
#794 = CARTESIAN_POINT ( 'NONE',  ( 2.000000000000000000, 15.50000000000000000, -22.00000000000000355 ) ) ;
#795 = DIRECTION ( 'NONE',  ( 0.000000000000000000, 0.000000000000000000, -1.000000000000000000 ) ) ;
#796 = EDGE_LOOP ( 'NONE', ( #2053, #662, #1367, #595 ) ) ;
#797 = ORIENTED_EDGE ( 'NONE', *, *, #1026, .F. ) ;
#798 = VERTEX_POINT ( 'NONE', #143 ) ;
#799 = APPLICATION_CONTEXT ( 'automotive_design' ) ;
#800 = CARTESIAN_POINT ( 'NONE',  ( -43.00000000000000000, 0.000000000000000000, 28.49999999999999645 ) ) ;
#801 = ORIENTED_EDGE ( 'NONE', *, *, #357, .T. ) ;
#802 = DIRECTION ( 'NONE',  ( 0.000000000000000000, -1.000000000000000000, -0.000000000000000000 ) ) ;
#803 = DIRECTION ( 'NONE',  ( 0.000000000000000000, 0.000000000000000000, -1.000000000000000000 ) ) ;
#804 = VERTEX_POINT ( 'NONE', #132 ) ;
#805 = CARTESIAN_POINT ( 'NONE',  ( 43.00000000000000000, 18.00000000000000000, 33.50000000000000000 ) ) ;
#806 = DIRECTION ( 'NONE',  ( 0.000000000000000000, 1.000000000000000000, 0.000000000000000000 ) ) ;
#807 = ORIENTED_EDGE ( 'NONE', *, *, #443, .F. ) ;
#808 = VECTOR ( 'NONE', #1370, 1000.000000000000000 ) ;
#809 = ORIENTED_EDGE ( 'NONE', *, *, #265, .F. ) ;
#810 = CARTESIAN_POINT ( 'NONE',  ( -27.75000000000000355, 5.750000000000000888, 31.50000000000000000 ) ) ;
#811 = VECTOR ( 'NONE', #2119, 1000.000000000000000 ) ;
#812 = LINE ( 'NONE', #1917, #649 ) ;
#813 = DIRECTION ( 'NONE',  ( 0.000000000000000000, 0.000000000000000000, 1.000000000000000000 ) ) ;
#814 = ORIENTED_EDGE ( 'NONE', *, *, #952, .T. ) ;
#815 = EDGE_CURVE ( 'NONE', #113, #1647, #2136, .T. ) ;
#816 = DIRECTION ( 'NONE',  ( 0.000000000000000000, 0.000000000000000000, 1.000000000000000000 ) ) ;
#817 = LINE ( 'NONE', #435, #1894 ) ;
#818 = VERTEX_POINT ( 'NONE', #185 ) ;
#819 = ADVANCED_FACE ( 'NONE', ( #1811, #904 ), #894, .T. ) ;
#820 = ORIENTED_EDGE ( 'NONE', *, *, #1927, .F. ) ;
#821 = CIRCLE ( 'NONE', #1971, 1.000000000000000888 ) ;
#822 = EDGE_CURVE ( 'NONE', #111, #2026, #1435, .T. ) ;
#823 = DIRECTION ( 'NONE',  ( -0.000000000000000000, 1.000000000000000000, 0.000000000000000000 ) ) ;
#824 = LINE ( 'NONE', #1741, #2314 ) ;
#825 = ORIENTED_EDGE ( 'NONE', *, *, #1774, .T. ) ;
#826 = ADVANCED_FACE ( 'NONE', ( #1416 ), #1964, .T. ) ;
#827 = LINE ( 'NONE', #1194, #1035 ) ;
#828 = DIRECTION ( 'NONE',  ( 0.000000000000000000, 1.000000000000000000, 0.000000000000000000 ) ) ;
#829 = ORIENTED_EDGE ( 'NONE', *, *, #1282, .F. ) ;
#830 = ORIENTED_EDGE ( 'NONE', *, *, #576, .F. ) ;
#831 = CIRCLE ( 'NONE', #747, 2.250000357263550299 ) ;
#832 = LINE ( 'NONE', #1730, #147 ) ;
#833 = LINE ( 'NONE', #1731, #104 ) ;
#834 = ORIENTED_EDGE ( 'NONE', *, *, #1244, .F. ) ;
#835 = CARTESIAN_POINT ( 'NONE',  ( 62.50000000000000000, 18.00000000000000000, 0.9236548451276929139 ) ) ;
#836 = CARTESIAN_POINT ( 'NONE',  ( 55.00000000000000711, 18.00000000000000000, -1.000000004967060097 ) ) ;
#837 = EDGE_LOOP ( 'NONE', ( #2171, #1662, #1565, #1882 ) ) ;
#838 = VECTOR ( 'NONE', #2156, 1000.000000000000000 ) ;
#839 = VERTEX_POINT ( 'NONE', #156 ) ;
#840 = VECTOR ( 'NONE', #1691, 1000.000000000000000 ) ;
#841 = EDGE_CURVE ( 'NONE', #948, #178, #1427, .T. ) ;
#842 =( NAMED_UNIT ( * ) SI_UNIT ( $, .STERADIAN. ) SOLID_ANGLE_UNIT ( ) );
#843 = DIRECTION ( 'NONE',  ( -1.000000000000000000, 0.000000000000000000, 0.000000000000000000 ) ) ;
#844 = ORIENTED_EDGE ( 'NONE', *, *, #1376, .T. ) ;
#845 = CARTESIAN_POINT ( 'NONE',  ( 43.00000000000000000, 13.00000000000000178, 9.041666666666669627 ) ) ;
#846 = LINE ( 'NONE', #861, #1591 ) ;
#847 = EDGE_LOOP ( 'NONE', ( #714, #556, #961, #218 ) ) ;
#848 = AXIS2_PLACEMENT_3D ( 'NONE', #281, #1734, #2108 ) ;
#849 = CARTESIAN_POINT ( 'NONE',  ( 27.75000000000000355, 4.875000000000000888, 31.50000000000000000 ) ) ;
#850 = VERTEX_POINT ( 'NONE', #1791 ) ;
#851 = EDGE_LOOP ( 'NONE', ( #939, #801, #1469, #2093 ) ) ;
#852 = EDGE_CURVE ( 'NONE', #1750, #93, #777, .T. ) ;
#853 = CIRCLE ( 'NONE', #286, 4.999999999999997335 ) ;
#854 = LINE ( 'NONE', #1573, #1723 ) ;
#855 = ADVANCED_FACE ( 'NONE', ( #2341 ), #1257, .T. ) ;
#856 = CARTESIAN_POINT ( 'NONE',  ( 48.00000000000000000, 12.00000000000000000, 24.00000000000000000 ) ) ;
#857 = ORIENTED_EDGE ( 'NONE', *, *, #554, .F. ) ;
#858 = VECTOR ( 'NONE', #1476, 1000.000000000000000 ) ;
#859 = EDGE_CURVE ( 'NONE', #1420, #2221, #1090, .T. ) ;
#860 = CARTESIAN_POINT ( 'NONE',  ( -27.75000000000000355, 5.750000000000000888, 30.00000000000000000 ) ) ;
#861 = CARTESIAN_POINT ( 'NONE',  ( 2.000000000000000000, 18.00000000000000000, -11.20134515487229976 ) ) ;
#862 = ORIENTED_EDGE ( 'NONE', *, *, #611, .F. ) ;
#863 = EDGE_CURVE ( 'NONE', #68, #1978, #699, .T. ) ;
#864 = CARTESIAN_POINT ( 'NONE',  ( -61.50000000000000000, 18.00000000000000000, -7.500000000000000000 ) ) ;
#865 = ORIENTED_EDGE ( 'NONE', *, *, #461, .F. ) ;
#866 = PRODUCT_DEFINITION ( 'UNKNOWN', '', #670, #597 ) ;
#867 = DIRECTION ( 'NONE',  ( -1.000000000000000000, 0.000000000000000000, 0.000000000000000000 ) ) ;
#868 = LINE ( 'NONE', #492, #233 ) ;
#869 = VERTEX_POINT ( 'NONE', #1076 ) ;
#870 = DIRECTION ( 'NONE',  ( 1.000000000000000000, 0.000000000000000000, 0.000000000000000000 ) ) ;
#871 = PLANE ( 'NONE',  #1914 ) ;
#872 = LINE ( 'NONE', #692, #1968 ) ;
#873 = EDGE_LOOP ( 'NONE', ( #1007, #85, #56, #797 ) ) ;
#874 = VECTOR ( 'NONE', #299, 1000.000000000000000 ) ;
#875 = DIRECTION ( 'NONE',  ( 0.000000000000000000, 1.000000000000000000, 0.000000000000000000 ) ) ;
#876 = ORIENTED_EDGE ( 'NONE', *, *, #1139, .T. ) ;
#877 = DIRECTION ( 'NONE',  ( -1.000000000000000000, 0.000000000000000000, 0.000000000000000000 ) ) ;
#878 = ADVANCED_FACE ( 'NONE', ( #1983, #167, #2159 ), #2147, .T. ) ;
#879 = DIRECTION ( 'NONE',  ( 1.000000000000000000, 0.000000000000000000, 0.000000000000000000 ) ) ;
#880 = AXIS2_PLACEMENT_3D ( 'NONE', #1337, #1505, #953 ) ;
#881 = PRESENTATION_STYLE_ASSIGNMENT (( #1248 ) ) ;
#882 = DIRECTION ( 'NONE',  ( 0.000000000000000000, 1.000000000000000000, 0.000000000000000000 ) ) ;
#883 = CARTESIAN_POINT ( 'NONE',  ( -44.37500000000000000, 2.875000000000000444, -26.00000000000000355 ) ) ;
#884 = CARTESIAN_POINT ( 'NONE',  ( 62.50000000000000000, 5.000000000000000888, -7.500000000000000000 ) ) ;
#885 = ORIENTED_EDGE ( 'NONE', *, *, #996, .F. ) ;
#886 = ADVANCED_FACE ( 'NONE', ( #516 ), #536, .F. ) ;
#887 = DIRECTION ( 'NONE',  ( 0.000000000000000000, 0.000000000000000000, -1.000000000000000000 ) ) ;
#888 = ORIENTED_EDGE ( 'NONE', *, *, #1834, .T. ) ;
#889 = EDGE_CURVE ( 'NONE', #798, #627, #916, .T. ) ;
#890 = VECTOR ( 'NONE', #332, 1000.000000000000000 ) ;
#891 = VECTOR ( 'NONE', #391, 1000.000000000000000 ) ;
#892 = CARTESIAN_POINT ( 'NONE',  ( 26.59878053314328028, 12.00000000000000000, 24.00000000000000000 ) ) ;
#893 = PLANE ( 'NONE',  #1949 ) ;
#894 = PLANE ( 'NONE',  #470 ) ;
#895 = EDGE_CURVE ( 'NONE', #818, #420, #1197, .T. ) ;
#896 = DIRECTION ( 'NONE',  ( 1.000000000000000000, 0.000000000000000000, 0.000000000000000000 ) ) ;
#897 = DIRECTION ( 'NONE',  ( 1.000000000000000000, 0.000000000000000000, 0.000000000000000000 ) ) ;
#898 = ORIENTED_EDGE ( 'NONE', *, *, #1961, .F. ) ;
#899 = PLANE ( 'NONE',  #968 ) ;
#900 = ORIENTED_EDGE ( 'NONE', *, *, #934, .T. ) ;
#901 = AXIS2_PLACEMENT_3D ( 'NONE', #2362, #733, #2228 ) ;
#902 = DIRECTION ( 'NONE',  ( 0.000000000000000000, 0.000000000000000000, 1.000000000000000000 ) ) ;
#903 = CARTESIAN_POINT ( 'NONE',  ( 61.50000000000000000, 5.000000000000000888, 6.500000000000000888 ) ) ;
#904 = FACE_OUTER_BOUND ( 'NONE', #1649, .T. ) ;
#905 = DIRECTION ( 'NONE',  ( 0.000000000000000000, 1.000000000000000000, 0.000000000000000000 ) ) ;
#906 = CARTESIAN_POINT ( 'NONE',  ( 49.00000000000000000, 5.000000000000000888, 7.500000000000000000 ) ) ;
#907 = VERTEX_POINT ( 'NONE', #1119 ) ;
#908 = CARTESIAN_POINT ( 'NONE',  ( -46.62500000000000000, 9.000000000000000000, -23.50000000000000000 ) ) ;
#909 = EDGE_LOOP ( 'NONE', ( #1320, #997, #125, #1873, #449, #1193, #2105, #1216 ) ) ;
#910 = EDGE_CURVE ( 'NONE', #298, #1430, #966, .T. ) ;
#911 = CARTESIAN_POINT ( 'NONE',  ( 55.00000000000000711, 5.000000000000000888, -3.250000362230610396 ) ) ;
#912 = PLANE ( 'NONE',  #2368 ) ;
#913 = AXIS2_PLACEMENT_3D ( 'NONE', #1553, #1202, #813 ) ;
#914 =( NAMED_UNIT ( * ) PLANE_ANGLE_UNIT ( ) SI_UNIT ( $, .RADIAN. ) );
#915 = EDGE_CURVE ( 'NONE', #1153, #2322, #1853, .T. ) ;
#916 = LINE ( 'NONE', #2241, #155 ) ;
#917 = VECTOR ( 'NONE', #1850, 1000.000000000000000 ) ;
#918 = DIRECTION ( 'NONE',  ( -1.000000000000000000, 0.000000000000000000, 0.000000000000000000 ) ) ;
#919 = DIRECTION ( 'NONE',  ( 0.000000000000000000, 1.000000000000000000, 0.000000000000000000 ) ) ;
#920 = EDGE_LOOP ( 'NONE', ( #865, #146, #59, #1551 ) ) ;
#921 = DIRECTION ( 'NONE',  ( 4.566929878185590008E-28, -1.000000000000000000, -6.728240443654459311E-18 ) ) ;
#922 = DIRECTION ( 'NONE',  ( 0.000000000000000000, 1.000000000000000000, 0.000000000000000000 ) ) ;
#923 = ORIENTED_EDGE ( 'NONE', *, *, #1312, .F. ) ;
#924 = ORIENTED_EDGE ( 'NONE', *, *, #1959, .T. ) ;
#925 = ORIENTED_EDGE ( 'NONE', *, *, #336, .T. ) ;
#926 = CARTESIAN_POINT ( 'NONE',  ( -49.00000000000000000, 5.000000000000000888, -8.500000000000000000 ) ) ;
#927 = DIRECTION ( 'NONE',  ( -0.000000000000000000, 1.000000000000000000, 0.000000000000000000 ) ) ;
#928 = ADVANCED_FACE ( 'NONE', ( #1867, #979 ), #376, .F. ) ;
#929 = FACE_OUTER_BOUND ( 'NONE', #1281, .T. ) ;
#930 = DIRECTION ( 'NONE',  ( 0.000000000000000000, -1.000000000000000000, -6.728240443654459311E-18 ) ) ;
#931 = CARTESIAN_POINT ( 'NONE',  ( -1.499999858438964218, 2.250000000000000444, 28.49999999999999645 ) ) ;
#932 = AXIS2_PLACEMENT_3D ( 'NONE', #1092, #2170, #1429 ) ;
#933 = EDGE_CURVE ( 'NONE', #400, #1989, #1042, .T. ) ;
#934 = EDGE_CURVE ( 'NONE', #2233, #106, #1896, .T. ) ;
#935 = LINE ( 'NONE', #2037, #585 ) ;
#936 = DIRECTION ( 'NONE',  ( 1.000000000000000000, 0.000000000000000000, 0.000000000000000000 ) ) ;
#937 = ORIENTED_EDGE ( 'NONE', *, *, #7, .T. ) ;
#938 = EDGE_CURVE ( 'NONE', #1716, #1886, #430, .T. ) ;
#939 = ORIENTED_EDGE ( 'NONE', *, *, #1211, .F. ) ;
#940 = ORIENTED_EDGE ( 'NONE', *, *, #1339, .F. ) ;
#941 = LINE ( 'NONE', #1487, #317 ) ;
#942 = DIRECTION ( 'NONE',  ( 0.000000000000000000, 1.000000000000000000, 0.000000000000000000 ) ) ;
#943 = PLANE ( 'NONE',  #1657 ) ;
#944 = CARTESIAN_POINT ( 'NONE',  ( 2.000000000000000000, 18.00000000000000000, -22.00000000000000355 ) ) ;
#945 = CARTESIAN_POINT ( 'NONE',  ( 43.00000000000000000, 13.00000000000000178, 28.49999999999999645 ) ) ;
#946 = DIRECTION ( 'NONE',  ( 1.000000000000000000, -0.000000000000000000, -0.000000000000000000 ) ) ;
#947 = DIRECTION ( 'NONE',  ( 1.000000000000000000, -0.000000000000000000, -0.000000000000000000 ) ) ;
#948 = VERTEX_POINT ( 'NONE', #212 ) ;
#949 = ORIENTED_EDGE ( 'NONE', *, *, #270, .F. ) ;
#950 = ORIENTED_EDGE ( 'NONE', *, *, #357, .F. ) ;
#951 = DIRECTION ( 'NONE',  ( 0.000000000000000000, -1.000000000000000000, 0.000000000000000000 ) ) ;
#952 = EDGE_CURVE ( 'NONE', #2089, #1343, #256, .T. ) ;
#953 = DIRECTION ( 'NONE',  ( -1.000000000000000000, 0.000000000000000000, 0.000000000000000000 ) ) ;
#954 = CARTESIAN_POINT ( 'NONE',  ( 48.00000000000000000, 2.000000000000000000, 11.00000000000000355 ) ) ;
#955 = LINE ( 'NONE', #1493, #2353 ) ;
#956 = LINE ( 'NONE', #1316, #1459 ) ;
#957 = FACE_OUTER_BOUND ( 'NONE', #1639, .T. ) ;
#958 = DIRECTION ( 'NONE',  ( 0.000000000000000000, 1.000000000000000000, 0.000000000000000000 ) ) ;
#959 = ORIENTED_EDGE ( 'NONE', *, *, #1495, .T. ) ;
#960 = CIRCLE ( 'NONE', #1256, 2.250000357263550299 ) ;
#961 = ORIENTED_EDGE ( 'NONE', *, *, #852, .F. ) ;
#962 = EDGE_LOOP ( 'NONE', ( #1363, #1581, #1795, #1728 ) ) ;
#963 = CARTESIAN_POINT ( 'NONE',  ( -55.00000000000000711, 5.000000000000000888, 1.250000352296490203 ) ) ;
#964 = ORIENTED_EDGE ( 'NONE', *, *, #336, .F. ) ;
#965 = CARTESIAN_POINT ( 'NONE',  ( 55.25000000000000000, 11.50000000000000178, 6.500000000000000888 ) ) ;
#966 = LINE ( 'NONE', #1521, #1358 ) ;
#967 = ORIENTED_EDGE ( 'NONE', *, *, #384, .F. ) ;
#968 = AXIS2_PLACEMENT_3D ( 'NONE', #202, #2010, #369 ) ;
#969 = AXIS2_PLACEMENT_3D ( 'NONE', #906, #1985, #343 ) ;
#970 = PLANE ( 'NONE',  #23 ) ;
#971 = CARTESIAN_POINT ( 'NONE',  ( -55.19230769230770051, 5.000000000000000888, -8.500000000000000000 ) ) ;
#972 = ORIENTED_EDGE ( 'NONE', *, *, #330, .T. ) ;
#973 = ORIENTED_EDGE ( 'NONE', *, *, #1030, .F. ) ;
#974 = ORIENTED_EDGE ( 'NONE', *, *, #2196, .F. ) ;
#975 = VECTOR ( 'NONE', #89, 1000.000000000000000 ) ;
#976 = CARTESIAN_POINT ( 'NONE',  ( 22.12500000000000355, 4.000000000000000000, 31.50000000000000000 ) ) ;
#977 = ORIENTED_EDGE ( 'NONE', *, *, #2272, .F. ) ;
#978 = PLANE ( 'NONE',  #1640 ) ;
#979 = FACE_OUTER_BOUND ( 'NONE', #380, .T. ) ;
#980 = VERTEX_POINT ( 'NONE', #67 ) ;
#981 = PRESENTATION_LAYER_ASSIGNMENT (  '', '', ( #62 ) ) ;
#982 = PLANE ( 'NONE',  #2181 ) ;
#983 = DIRECTION ( 'NONE',  ( 0.000000000000000000, -1.000000000000000000, 0.000000000000000000 ) ) ;
#984 = ORIENTED_EDGE ( 'NONE', *, *, #1562, .F. ) ;
#985 = CARTESIAN_POINT ( 'NONE',  ( 34.00000000000000000, 6.979166666666669627, 28.49999999999999645 ) ) ;
#986 = VERTEX_POINT ( 'NONE', #416 ) ;
#987 = PLANE ( 'NONE',  #2034 ) ;
#988 = ADVANCED_FACE ( 'NONE', ( #608 ), #943, .F. ) ;
#989 = EDGE_CURVE ( 'NONE', #1224, #588, #1654, .T. ) ;
#990 = CARTESIAN_POINT ( 'NONE',  ( -15.00000000000000000, 8.000000000000000000, 31.00000000000000000 ) ) ;
#991 = VERTEX_POINT ( 'NONE', #2047 ) ;
#992 = FACE_OUTER_BOUND ( 'NONE', #851, .T. ) ;
#993 = DIRECTION ( 'NONE',  ( 1.000000000000000000, 0.000000000000000000, 0.000000000000000000 ) ) ;
#994 = ORIENTED_EDGE ( 'NONE', *, *, #1082, .F. ) ;
#995 = VECTOR ( 'NONE', #1063, 1000.000000000000000 ) ;
#996 = EDGE_CURVE ( 'NONE', #1979, #1648, #227, .T. ) ;
#997 = ORIENTED_EDGE ( 'NONE', *, *, #1709, .F. ) ;
#998 = EDGE_CURVE ( 'NONE', #1689, #1206, #42, .T. ) ;
#999 = CIRCLE ( 'NONE', #1727, 4.999999999999997335 ) ;
#1000 = CARTESIAN_POINT ( 'NONE',  ( 48.00000000000000000, 5.000000000000000888, 7.500000000000000000 ) ) ;
#1001 = LINE ( 'NONE', #1183, #123 ) ;
#1002 = VERTEX_POINT ( 'NONE', #594 ) ;
#1003 = EDGE_CURVE ( 'NONE', #2077, #1002, #2033, .T. ) ;
#1004 = CARTESIAN_POINT ( 'NONE',  ( 21.50000014156103489, 13.00000000000000178, 28.49999999999999645 ) ) ;
#1005 = DIRECTION ( 'NONE',  ( 1.000000000000000000, 0.000000000000000000, 0.000000000000000000 ) ) ;
#1006 = EDGE_LOOP ( 'NONE', ( #22, #657, #693, #344 ) ) ;
#1007 = ORIENTED_EDGE ( 'NONE', *, *, #1655, .T. ) ;
#1008 = EDGE_CURVE ( 'NONE', #2072, #839, #1327, .T. ) ;
#1009 = CARTESIAN_POINT ( 'NONE',  ( -22.12500000000000355, 5.750000000000000888, 28.49999999999999645 ) ) ;
#1010 = DIRECTION ( 'NONE',  ( 0.000000000000000000, -1.000000000000000000, 0.000000000000000000 ) ) ;
#1011 = ORIENTED_EDGE ( 'NONE', *, *, #1919, .F. ) ;
#1012 = CARTESIAN_POINT ( 'NONE',  ( -13.16666664307319934, 13.00000000000000178, -28.49999999999999645 ) ) ;
#1013 = DIRECTION ( 'NONE',  ( 1.000000000000000000, 0.000000000000000000, 0.000000000000000000 ) ) ;
#1014 = EDGE_LOOP ( 'NONE', ( #1388, #283, #2266, #1305 ) ) ;
#1015 = VECTOR ( 'NONE', #17, 1000.000000000000000 ) ;
#1016 = ORIENTED_EDGE ( 'NONE', *, *, #1540, .T. ) ;
#1017 = PLANE ( 'NONE',  #1683 ) ;
#1018 = CARTESIAN_POINT ( 'NONE',  ( -55.00000000000000711, 5.000000000000000888, -3.250000362230610396 ) ) ;
#1019 = CARTESIAN_POINT ( 'NONE',  ( -43.00000000000000000, 0.000000000000000000, -28.49999999999999645 ) ) ;
#1020 = PLANE ( 'NONE',  #1906 ) ;
#1021 = ORIENTED_EDGE ( 'NONE', *, *, #610, .T. ) ;
#1022 = EDGE_CURVE ( 'NONE', #2290, #673, #1146, .T. ) ;
#1023 = VECTOR ( 'NONE', #843, 1000.000000000000000 ) ;
#1024 = LINE ( 'NONE', #1719, #1113 ) ;
#1025 = ORIENTED_EDGE ( 'NONE', *, *, #1954, .T. ) ;
#1026 = EDGE_CURVE ( 'NONE', #1912, #588, #564, .T. ) ;
#1027 = VECTOR ( 'NONE', #951, 1000.000000000000000 ) ;
#1028 = VECTOR ( 'NONE', #296, 1000.000000000000000 ) ;
#1029 = DIRECTION ( 'NONE',  ( 0.000000000000000000, 0.000000000000000000, 1.000000000000000000 ) ) ;
#1030 = EDGE_CURVE ( 'NONE', #1586, #2259, #55, .T. ) ;
#1031 = DIRECTION ( 'NONE',  ( 0.000000000000000000, 0.000000000000000000, -1.000000000000000000 ) ) ;
#1032 = DIRECTION ( 'NONE',  ( 1.000000000000000000, -0.000000000000000000, 0.000000000000000000 ) ) ;
#1033 = CARTESIAN_POINT ( 'NONE',  ( -48.00000000000000000, 0.000000000000000000, 28.49999999999999645 ) ) ;
#1034 = VERTEX_POINT ( 'NONE', #623 ) ;
#1035 = VECTOR ( 'NONE', #1744, 1000.000000000000000 ) ;
#1036 = LINE ( 'NONE', #310, #2268 ) ;
#1037 = ORIENTED_EDGE ( 'NONE', *, *, #261, .F. ) ;
#1038 = ORIENTED_EDGE ( 'NONE', *, *, #2088, .F. ) ;
#1039 = VECTOR ( 'NONE', #1613, 1000.000000000000000 ) ;
#1040 = CARTESIAN_POINT ( 'NONE',  ( 36.00000000000000000, 15.50000000000000000, -25.25000000000000000 ) ) ;
#1041 = PLANE ( 'NONE',  #615 ) ;
#1042 = CIRCLE ( 'NONE', #1898, 1.000000000000000888 ) ;
#1043 = DIRECTION ( 'NONE',  ( 0.000000000000000000, 1.000000000000000000, 0.000000000000000000 ) ) ;
#1044 = DIRECTION ( 'NONE',  ( 1.000000000000000000, 0.000000000000000000, 0.000000000000000000 ) ) ;
#1045 = PLANE ( 'NONE',  #1784 ) ;
#1046 = VERTEX_POINT ( 'NONE', #1380 ) ;
#1047 = DIRECTION ( 'NONE',  ( 0.000000000000000000, 0.000000000000000000, 1.000000000000000000 ) ) ;
#1048 = ORIENTED_EDGE ( 'NONE', *, *, #1241, .T. ) ;
#1049 = EDGE_CURVE ( 'NONE', #1343, #1578, #1172, .T. ) ;
#1050 = AXIS2_PLACEMENT_3D ( 'NONE', #1620, #506, #1043 ) ;
#1051 = DIRECTION ( 'NONE',  ( 0.000000000000000000, 1.000000000000000000, 6.728240443654459311E-18 ) ) ;
#1052 = CARTESIAN_POINT ( 'NONE',  ( -10.79166663500170209, 5.750000000000000888, 28.49999999999999645 ) ) ;
#1053 = ADVANCED_FACE ( 'NONE', ( #1908 ), #2082, .T. ) ;
#1054 = VECTOR ( 'NONE', #272, 1000.000000000000000 ) ;
#1055 = DIRECTION ( 'NONE',  ( 1.000000000000000000, 0.000000000000000000, 0.000000000000000000 ) ) ;
#1056 = FACE_OUTER_BOUND ( 'NONE', #2141, .T. ) ;
#1057 = CARTESIAN_POINT ( 'NONE',  ( 43.00000000000000000, 0.000000000000000000, 19.14391527420440298 ) ) ;
#1058 = ORIENTED_EDGE ( 'NONE', *, *, #1339, .T. ) ;
#1059 = EDGE_CURVE ( 'NONE', #1647, #907, #1001, .T. ) ;
#1060 = VERTEX_POINT ( 'NONE', #2104 ) ;
#1061 = EDGE_CURVE ( 'NONE', #1806, #1877, #78, .T. ) ;
#1062 = EDGE_CURVE ( 'NONE', #2201, #1151, #2289, .T. ) ;
#1063 = DIRECTION ( 'NONE',  ( 4.566929878185590008E-28, -1.000000000000000000, -6.728240443654459311E-18 ) ) ;
#1064 = FACE_OUTER_BOUND ( 'NONE', #1704, .T. ) ;
#1065 = CIRCLE ( 'NONE', #2222, 2.250000357263550299 ) ;
#1066 = DIRECTION ( 'NONE',  ( 1.000000000000000000, 0.000000000000000000, 0.000000000000000000 ) ) ;
#1067 = DIRECTION ( 'NONE',  ( 1.000000000000000000, 0.000000000000000000, 0.000000000000000000 ) ) ;
#1068 = DIRECTION ( 'NONE',  ( -0.000000000000000000, 1.000000000000000000, 0.000000000000000000 ) ) ;
#1069 = CARTESIAN_POINT ( 'NONE',  ( -61.50000000000000000, 5.000000000000000888, -8.500000000000000000 ) ) ;
#1070 = ORIENTED_EDGE ( 'NONE', *, *, #1534, .T. ) ;
#1071 = EDGE_LOOP ( 'NONE', ( #1498, #1264, #1661, #1458 ) ) ;
#1072 = VECTOR ( 'NONE', #568, 1000.000000000000000 ) ;
#1073 = VECTOR ( 'NONE', #958, 1000.000000000000000 ) ;
#1074 = CARTESIAN_POINT ( 'NONE',  ( 43.00000000000000000, 13.00000000000000178, -28.49999999999999645 ) ) ;
#1075 = DIRECTION ( 'NONE',  ( 0.000000000000000000, 0.000000000000000000, 1.000000000000000000 ) ) ;
#1076 = CARTESIAN_POINT ( 'NONE',  ( -22.12500000000000355, 4.000000000000000000, 31.50000000000000000 ) ) ;
#1077 = DIRECTION ( 'NONE',  ( 0.000000000000000000, 0.000000000000000000, -1.000000000000000000 ) ) ;
#1078 = CARTESIAN_POINT ( 'NONE',  ( -7.999999523162838244, 11.00000000000000178, 28.49999999999999645 ) ) ;
#1079 = VERTEX_POINT ( 'NONE', #278 ) ;
#1080 = VECTOR ( 'NONE', #1123, 1000.000000000000000 ) ;
#1081 = ADVANCED_BREP_SHAPE_REPRESENTATION ( 'Display_Case_Body', ( #1560, #366 ), #2013 ) ;
#1082 = EDGE_CURVE ( 'NONE', #618, #1034, #824, .T. ) ;
#1083 = DIRECTION ( 'NONE',  ( 0.000000000000000000, -1.000000000000000000, 0.000000000000000000 ) ) ;
#1084 = EDGE_LOOP ( 'NONE', ( #1616, #2235, #834, #414 ) ) ;
#1085 = EDGE_LOOP ( 'NONE', ( #1539, #65, #311, #2131 ) ) ;
#1086 = ORIENTED_EDGE ( 'NONE', *, *, #2342, .F. ) ;
#1087 = EDGE_CURVE ( 'NONE', #2369, #1394, #1464, .T. ) ;
#1088 = CARTESIAN_POINT ( 'NONE',  ( 55.00000000000000711, 5.000000000000000888, -1.000000004967060097 ) ) ;
#1089 = CARTESIAN_POINT ( 'NONE',  ( -46.62500000000000000, 2.875000000000000444, -23.50000000000000000 ) ) ;
#1090 = LINE ( 'NONE', #507, #890 ) ;
#1091 = CARTESIAN_POINT ( 'NONE',  ( -15.00000000000000000, 5.000000000000000888, 33.50000000000000000 ) ) ;
#1092 = CARTESIAN_POINT ( 'NONE',  ( 55.00000000000000711, 18.00000000000000000, -1.000000004967060097 ) ) ;
#1093 = ORIENTED_EDGE ( 'NONE', *, *, #99, .F. ) ;
#1094 = CARTESIAN_POINT ( 'NONE',  ( -7.999999523162838244, 5.000000000000000888, 28.49999999999999645 ) ) ;
#1095 = ORIENTED_EDGE ( 'NONE', *, *, #501, .T. ) ;
#1096 = EDGE_CURVE ( 'NONE', #637, #529, #641, .T. ) ;
#1097 = EDGE_LOOP ( 'NONE', ( #1404, #1332, #279, #8, #221 ) ) ;
#1098 = ORIENTED_EDGE ( 'NONE', *, *, #2335, .T. ) ;
#1099 = EDGE_CURVE ( 'NONE', #309, #1747, #1947, .T. ) ;
#1100 = EDGE_CURVE ( 'NONE', #532, #519, #97, .T. ) ;
#1101 = ADVANCED_FACE ( 'NONE', ( #1192 ), #1371, .F. ) ;
#1102 = FACE_BOUND ( 'NONE', #1210, .T. ) ;
#1103 = FACE_OUTER_BOUND ( 'NONE', #1160, .T. ) ;
#1104 = EDGE_CURVE ( 'NONE', #2233, #948, #1532, .T. ) ;
#1105 = CARTESIAN_POINT ( 'NONE',  ( 55.13461538461540812, 5.000000000000000888, -1.000000011462429894 ) ) ;
#1106 = CARTESIAN_POINT ( 'NONE',  ( -15.00000000000000000, 11.00000000000000178, 31.00000000000000000 ) ) ;
#1107 = AXIS2_PLACEMENT_3D ( 'NONE', #2112, #671, #1212 ) ;
#1108 = DIRECTION ( 'NONE',  ( 0.000000000000000000, -1.000000000000000000, 0.000000000000000000 ) ) ;
#1109 = EDGE_CURVE ( 'NONE', #1525, #519, #833, .T. ) ;
#1110 = CARTESIAN_POINT ( 'NONE',  ( -40.75000000000000000, 15.12500000000000000, -28.49999999999999645 ) ) ;
#1111 = DIRECTION ( 'NONE',  ( 0.000000000000000000, -1.000000000000000000, 0.000000000000000000 ) ) ;
#1112 = ORIENTED_EDGE ( 'NONE', *, *, #1729, .F. ) ;
#1113 = VECTOR ( 'NONE', #1406, 1000.000000000000000 ) ;
#1114 = ORIENTED_EDGE ( 'NONE', *, *, #1381, .T. ) ;
#1115 = EDGE_LOOP ( 'NONE', ( #468, #1677, #1114, #177 ) ) ;
#1116 = DIRECTION ( 'NONE',  ( -1.000000000000000000, 0.000000000000000000, 0.000000000000000000 ) ) ;
#1117 = DIRECTION ( 'NONE',  ( 1.000000000000000000, 0.000000000000000000, 0.000000000000000000 ) ) ;
#1118 = CARTESIAN_POINT ( 'NONE',  ( -33.37500000000000000, 5.750000000000000888, 30.00000000000000000 ) ) ;
#1119 = CARTESIAN_POINT ( 'NONE',  ( -22.12500000000000355, 5.750000000000000888, 31.50000000000000000 ) ) ;
#1120 = CARTESIAN_POINT ( 'NONE',  ( 46.62500000000000000, 15.12500000000000000, -26.00000000000000355 ) ) ;
#1121 = FACE_OUTER_BOUND ( 'NONE', #358, .T. ) ;
#1122 = CARTESIAN_POINT ( 'NONE',  ( 26.59878053314328028, 12.00000000000000000, 24.00000000000000000 ) ) ;
#1123 = DIRECTION ( 'NONE',  ( 0.000000000000000000, 0.000000000000000000, 1.000000000000000000 ) ) ;
#1124 = FACE_OUTER_BOUND ( 'NONE', #1481, .T. ) ;
#1125 = EDGE_LOOP ( 'NONE', ( #1167, #1440, #2205, #1770, #1485, #937, #603, #1645, #2356, #1468, #1874, #20 ) ) ;
#1126 = ORIENTED_EDGE ( 'NONE', *, *, #265, .T. ) ;
#1127 = EDGE_LOOP ( 'NONE', ( #1037, #646, #1746, #1754 ) ) ;
#1128 = ADVANCED_FACE ( 'NONE', ( #1564 ), #1545, .T. ) ;
#1129 = CARTESIAN_POINT ( 'NONE',  ( -55.13461538461540812, 5.000000000000000888, -1.000000011462429894 ) ) ;
#1130 = FACE_OUTER_BOUND ( 'NONE', #2190, .T. ) ;
#1131 = CARTESIAN_POINT ( 'NONE',  ( 44.37500000000000000, 9.000000000000000000, -26.00000000000000355 ) ) ;
#1132 = DIRECTION ( 'NONE',  ( -0.000000000000000000, 1.000000000000000000, 0.000000000000000000 ) ) ;
#1133 = DIRECTION ( 'NONE',  ( 0.000000000000000000, 0.000000000000000000, 1.000000000000000000 ) ) ;
#1134 = VECTOR ( 'NONE', #456, 1000.000000000000000 ) ;
#1135 = CARTESIAN_POINT ( 'NONE',  ( 2.000000000000000000, 18.00000000000000000, -28.49999999999999645 ) ) ;
#1136 = LINE ( 'NONE', #1317, #1851 ) ;
#1137 = DIRECTION ( 'NONE',  ( 0.000000000000000000, 0.000000000000000000, -1.000000000000000000 ) ) ;
#1138 = ORIENTED_EDGE ( 'NONE', *, *, #2036, .F. ) ;
#1139 = EDGE_CURVE ( 'NONE', #371, #235, #631, .T. ) ;
#1140 = ORIENTED_EDGE ( 'NONE', *, *, #2123, .F. ) ;
#1141 = VERTEX_POINT ( 'NONE', #2092 ) ;
#1142 = LINE ( 'NONE', #963, #720 ) ;
#1143 = VERTEX_POINT ( 'NONE', #1018 ) ;
#1144 = VECTOR ( 'NONE', #1609, 1000.000000000000000 ) ;
#1145 = DIRECTION ( 'NONE',  ( 0.000000000000000000, 0.000000000000000000, 1.000000000000000000 ) ) ;
#1146 = LINE ( 'NONE', #389, #858 ) ;
#1147 = VERTEX_POINT ( 'NONE', #1749 ) ;
#1148 = VECTOR ( 'NONE', #2031, 1000.000000000000000 ) ;
#1149 = CARTESIAN_POINT ( 'NONE',  ( 55.00000000000000711, 5.000000000000000888, -1.000000004967060097 ) ) ;
#1150 = CARTESIAN_POINT ( 'NONE',  ( -1.499999858438964218, 13.00000000000000178, 28.49999999999999645 ) ) ;
#1151 = VERTEX_POINT ( 'NONE', #105 ) ;
#1152 = VECTOR ( 'NONE', #563, 1000.000000000000000 ) ;
#1153 = VERTEX_POINT ( 'NONE', #1574 ) ;
#1154 = ORIENTED_EDGE ( 'NONE', *, *, #1798, .T. ) ;
#1155 = DIRECTION ( 'NONE',  ( -0.000000000000000000, -1.000000000000000000, -0.000000000000000000 ) ) ;
#1156 = ORIENTED_EDGE ( 'NONE', *, *, #1808, .T. ) ;
#1157 = AXIS2_PLACEMENT_3D ( 'NONE', #860, #2320, #1044 ) ;
#1158 = FILL_AREA_STYLE ('',( #429 ) ) ;
#1159 = DIRECTION ( 'NONE',  ( 0.000000000000000000, -1.000000000000000000, 0.000000000000000000 ) ) ;
#1160 = EDGE_LOOP ( 'NONE', ( #1357, #787, #1814, #712 ) ) ;
#1161 = VECTOR ( 'NONE', #2354, 1000.000000000000000 ) ;
#1162 = LINE ( 'NONE', #2269, #533 ) ;
#1163 = CARTESIAN_POINT ( 'NONE',  ( -43.00000000000000000, 6.500000000000000888, 0.000000000000000000 ) ) ;
#1164 = VERTEX_POINT ( 'NONE', #2306 ) ;
#1165 = EDGE_CURVE ( 'NONE', #1206, #1716, #661, .T. ) ;
#1166 = CARTESIAN_POINT ( 'NONE',  ( 46.62500000000000000, 2.875000000000000444, -23.50000000000000000 ) ) ;
#1167 = ORIENTED_EDGE ( 'NONE', *, *, #1771, .F. ) ;
#1168 = VECTOR ( 'NONE', #2226, 1000.000000000000000 ) ;
#1169 = CARTESIAN_POINT ( 'NONE',  ( 62.50000000000000000, 5.000000000000000888, 5.500000000000000888 ) ) ;
#1170 = ADVANCED_FACE ( 'NONE', ( #513, #2360, #686 ), #1992, .T. ) ;
#1171 = DIRECTION ( 'NONE',  ( 0.000000000000000000, 1.000000000000000000, 0.000000000000000000 ) ) ;
#1172 = LINE ( 'NONE', #1721, #2191 ) ;
#1173 = ORIENTED_EDGE ( 'NONE', *, *, #632, .T. ) ;
#1174 = CARTESIAN_POINT ( 'NONE',  ( -45.50000000000000711, 2.875000000000000444, -26.00000000000000355 ) ) ;
#1175 = DIRECTION ( 'NONE',  ( 0.000000000000000000, 1.000000000000000000, 0.000000000000000000 ) ) ;
#1176 = EDGE_LOOP ( 'NONE', ( #885, #1803, #1830, #1507 ) ) ;
#1177 = ORIENTED_EDGE ( 'NONE', *, *, #500, .T. ) ;
#1178 = AXIS2_PLACEMENT_3D ( 'NONE', #653, #447, #816 ) ;
#1179 = AXIS2_PLACEMENT_3D ( 'NONE', #2148, #1068, #896 ) ;
#1180 = ADVANCED_FACE ( 'NONE', ( #1982 ), #893, .F. ) ;
#1181 = ADVANCED_FACE ( 'NONE', ( #1064 ), #315, .F. ) ;
#1182 = DIRECTION ( 'NONE',  ( 0.000000000000000000, -1.000000000000000000, 0.000000000000000000 ) ) ;
#1183 = CARTESIAN_POINT ( 'NONE',  ( -22.12500000000000355, 5.750000000000000888, 30.00000000000000000 ) ) ;
#1184 = ORIENTED_EDGE ( 'NONE', *, *, #2128, .T. ) ;
#1185 = EDGE_CURVE ( 'NONE', #804, #191, #1425, .T. ) ;
#1186 = DIRECTION ( 'NONE',  ( 0.000000000000000000, 0.000000000000000000, 1.000000000000000000 ) ) ;
#1187 = DIRECTION ( 'NONE',  ( 0.000000000000000000, 0.000000000000000000, 1.000000000000000000 ) ) ;
#1188 = VERTEX_POINT ( 'NONE', #535 ) ;
#1189 = COLOUR_RGB ( '',0.6274509803921568540, 0.6274509803921568540, 0.6274509803921568540 ) ;
#1190 = ORIENTED_EDGE ( 'NONE', *, *, #213, .F. ) ;
#1191 = DIRECTION ( 'NONE',  ( 1.000000000000000000, 0.000000000000000000, 0.000000000000000000 ) ) ;
#1192 = FACE_OUTER_BOUND ( 'NONE', #21, .T. ) ;
#1193 = ORIENTED_EDGE ( 'NONE', *, *, #1583, .F. ) ;
#1194 = CARTESIAN_POINT ( 'NONE',  ( -55.19230769230770051, 5.000000000000000888, 6.500000000000000888 ) ) ;
#1195 = DIRECTION ( 'NONE',  ( 0.000000000000000000, 1.000000000000000000, 0.000000000000000000 ) ) ;
#1196 = EDGE_LOOP ( 'NONE', ( #1328, #1140, #829, #967 ) ) ;
#1197 = CIRCLE ( 'NONE', #1805, 2.250000357263550299 ) ;
#1198 = VECTOR ( 'NONE', #1793, 1000.000000000000000 ) ;
#1199 = VERTEX_POINT ( 'NONE', #2005 ) ;
#1200 = VECTOR ( 'NONE', #1083, 1000.000000000000000 ) ;
#1201 = CARTESIAN_POINT ( 'NONE',  ( -22.12500000000000355, 4.000000000000000000, 30.00000000000000000 ) ) ;
#1202 = DIRECTION ( 'NONE',  ( 4.566929878185590008E-28, -1.000000000000000000, -6.728240443654459311E-18 ) ) ;
#1203 = EDGE_CURVE ( 'NONE', #1647, #2089, #363, .T. ) ;
#1204 = PLANE ( 'NONE',  #756 ) ;
#1205 = CARTESIAN_POINT ( 'NONE',  ( 43.00000000000000000, 18.00000000000000000, 28.49999999999999645 ) ) ;
#1206 = VERTEX_POINT ( 'NONE', #1089 ) ;
#1207 = VECTOR ( 'NONE', #1330, 1000.000000000000000 ) ;
#1208 = AXIS2_PLACEMENT_3D ( 'NONE', #721, #1841, #2169 ) ;
#1209 = DIRECTION ( 'NONE',  ( 0.000000000000000000, -1.000000000000000000, 0.000000000000000000 ) ) ;
#1210 = EDGE_LOOP ( 'NONE', ( #1252, #1098 ) ) ;
#1211 = EDGE_CURVE ( 'NONE', #2075, #431, #1789, .T. ) ;
#1212 = DIRECTION ( 'NONE',  ( -1.000000000000000000, 0.000000000000000000, 0.000000000000000000 ) ) ;
#1213 = CARTESIAN_POINT ( 'NONE',  ( -46.62500000000000000, 2.875000000000000444, -26.00000000000000355 ) ) ;
#1214 = FACE_OUTER_BOUND ( 'NONE', #263, .T. ) ;
#1215 = DIRECTION ( 'NONE',  ( 0.000000000000000000, 0.000000000000000000, 1.000000000000000000 ) ) ;
#1216 = ORIENTED_EDGE ( 'NONE', *, *, #636, .F. ) ;
#1217 = VECTOR ( 'NONE', #297, 1000.000000000000000 ) ;
#1218 = CARTESIAN_POINT ( 'NONE',  ( 2.000000000000000000, 13.00000000000000178, -22.00000000000000355 ) ) ;
#1219 = VERTEX_POINT ( 'NONE', #1619 ) ;
#1220 = ORIENTED_EDGE ( 'NONE', *, *, #1743, .F. ) ;
#1221 = AXIS2_PLACEMENT_3D ( 'NONE', #415, #802, #388 ) ;
#1222 = PLANE ( 'NONE',  #1990 ) ;
#1223 = CARTESIAN_POINT ( 'NONE',  ( -43.00000000000000000, 13.00000000000000178, -28.49999999999999645 ) ) ;
#1224 = VERTEX_POINT ( 'NONE', #856 ) ;
#1225 = VECTOR ( 'NONE', #442, 1000.000000000000000 ) ;
#1226 = CARTESIAN_POINT ( 'NONE',  ( 21.50000014156103489, 2.250000000000000444, 33.50000000000000000 ) ) ;
#1227 = LINE ( 'NONE', #1781, #2287 ) ;
#1228 = ORIENTED_EDGE ( 'NONE', *, *, #1759, .T. ) ;
#1229 = DIRECTION ( 'NONE',  ( 0.000000000000000000, 1.000000000000000000, 0.000000000000000000 ) ) ;
#1230 = ORIENTED_EDGE ( 'NONE', *, *, #1607, .T. ) ;
#1231 = ADVANCED_FACE ( 'NONE', ( #340 ), #672, .T. ) ;
#1232 = CIRCLE ( 'NONE', #9, 1.000000000000000000 ) ;
#1233 = DIRECTION ( 'NONE',  ( 0.000000000000000000, 0.000000000000000000, 1.000000000000000000 ) ) ;
#1234 = DIRECTION ( 'NONE',  ( 0.000000000000000000, 0.000000000000000000, -1.000000000000000000 ) ) ;
#1235 = EDGE_LOOP ( 'NONE', ( #959, #1228 ) ) ;
#1236 = PRODUCT_CONTEXT ( 'NONE', #2065, 'mechanical' ) ;
#1237 = DIRECTION ( 'NONE',  ( -0.000000000000000000, 1.000000000000000000, 0.000000000000000000 ) ) ;
#1238 = CARTESIAN_POINT ( 'NONE',  ( 36.00000000000000000, 12.65000000000000213, -28.49999999999999645 ) ) ;
#1239 = LINE ( 'NONE', #1600, #2080 ) ;
#1240 = ORIENTED_EDGE ( 'NONE', *, *, #1855, .F. ) ;
#1241 = EDGE_CURVE ( 'NONE', #1219, #1569, #2134, .T. ) ;
#1242 = CARTESIAN_POINT ( 'NONE',  ( 49.00000000000000000, 5.000000000000000888, -9.500000000000001776 ) ) ;
#1243 = ORIENTED_EDGE ( 'NONE', *, *, #179, .T. ) ;
#1244 = EDGE_CURVE ( 'NONE', #1769, #194, #868, .T. ) ;
#1245 = VECTOR ( 'NONE', #828, 1000.000000000000000 ) ;
#1246 = DIRECTION ( 'NONE',  ( 0.000000000000000000, 0.000000000000000000, 1.000000000000000000 ) ) ;
#1247 = CARTESIAN_POINT ( 'NONE',  ( 38.50000000000000711, 9.500000000000001776, 31.00000000000000000 ) ) ;
#1248 = SURFACE_STYLE_USAGE ( .BOTH. , #2373 ) ;
#1249 = DIRECTION ( 'NONE',  ( 1.000000000000000000, 0.000000000000000000, 0.000000000000000000 ) ) ;
#1250 = LINE ( 'NONE', #553, #778 ) ;
#1251 = EDGE_LOOP ( 'NONE', ( #2012, #682, #2083, #269, #2162, #1945, #1346, #1220 ) ) ;
#1252 = ORIENTED_EDGE ( 'NONE', *, *, #213, .T. ) ;
#1253 = AXIS2_PLACEMENT_3D ( 'NONE', #128, #1075, #2179 ) ;
#1254 = CARTESIAN_POINT ( 'NONE',  ( -1.499999858438964218, 15.25000000000000000, 28.49999999999999645 ) ) ;
#1255 = CARTESIAN_POINT ( 'NONE',  ( 34.00000000000000000, 7.750000000000000000, 33.50000000000000000 ) ) ;
#1256 = AXIS2_PLACEMENT_3D ( 'NONE', #1445, #1051, #1246 ) ;
#1257 = CYLINDRICAL_SURFACE ( 'NONE', #1930, 1.000000000000000888 ) ;
#1258 = LINE ( 'NONE', #581, #80 ) ;
#1259 = LINE ( 'NONE', #1996, #2275 ) ;
#1260 = VERTEX_POINT ( 'NONE', #1223 ) ;
#1261 = CARTESIAN_POINT ( 'NONE',  ( -55.00000000000000711, 5.000000000000000888, -1.000000004967060097 ) ) ;
#1262 = ORIENTED_EDGE ( 'NONE', *, *, #1185, .T. ) ;
#1263 = PRODUCT ( 'Display_Case_Body', 'Display_Case_Body', '', ( #1236 ) ) ;
#1264 = ORIENTED_EDGE ( 'NONE', *, *, #521, .T. ) ;
#1265 = VECTOR ( 'NONE', #1300, 1000.000000000000000 ) ;
#1266 = VECTOR ( 'NONE', #1299, 1000.000000000000000 ) ;
#1267 = FACE_OUTER_BOUND ( 'NONE', #480, .T. ) ;
#1268 = CARTESIAN_POINT ( 'NONE',  ( -48.00000000000000000, 18.00000000000000000, 1.173654845127690249 ) ) ;
#1269 = CARTESIAN_POINT ( 'NONE',  ( -45.50000000000000711, 9.000000000000000000, -23.50000000000000000 ) ) ;
#1270 = EDGE_CURVE ( 'NONE', #2369, #1758, #348, .T. ) ;
#1271 = CARTESIAN_POINT ( 'NONE',  ( 43.00000000000000000, 5.000000000000000888, 23.58333333333330373 ) ) ;
#1272 = AXIS2_PLACEMENT_3D ( 'NONE', #463, #2296, #1761 ) ;
#1273 = DIRECTION ( 'NONE',  ( 0.000000000000000000, -1.000000000000000000, 0.000000000000000000 ) ) ;
#1274 = ORIENTED_EDGE ( 'NONE', *, *, #782, .T. ) ;
#1275 = AXIS2_PLACEMENT_3D ( 'NONE', #750, #725, #2217 ) ;
#1276 = CARTESIAN_POINT ( 'NONE',  ( 43.00000000000000000, 8.250000000000000000, 33.50000000000000000 ) ) ;
#1277 = FACE_OUTER_BOUND ( 'NONE', #1407, .T. ) ;
#1278 = ADVANCED_FACE ( 'NONE', ( #327 ), #1041, .F. ) ;
#1279 = VERTEX_POINT ( 'NONE', #1775 ) ;
#1280 = ADVANCED_FACE ( 'NONE', ( #707 ), #1595, .F. ) ;
#1281 = EDGE_LOOP ( 'NONE', ( #705, #301, #770, #1926 ) ) ;
#1282 = EDGE_CURVE ( 'NONE', #2041, #1586, #142, .T. ) ;
#1283 = DIRECTION ( 'NONE',  ( 0.000000000000000000, 1.000000000000000000, 0.000000000000000000 ) ) ;
#1284 = DIRECTION ( 'NONE',  ( 1.000000000000000000, 0.000000000000000000, 0.000000000000000000 ) ) ;
#1285 = DIRECTION ( 'NONE',  ( 1.000000000000000000, 0.000000000000000000, 0.000000000000000000 ) ) ;
#1286 = DIRECTION ( 'NONE',  ( 0.000000000000000000, 0.000000000000000000, -1.000000000000000000 ) ) ;
#1287 = LINE ( 'NONE', #2344, #2188 ) ;
#1288 = CARTESIAN_POINT ( 'NONE',  ( 62.50000000000000000, 5.000000000000000888, -1.000000005731219943 ) ) ;
#1289 = LINE ( 'NONE', #379, #53 ) ;
#1290 = ORIENTED_EDGE ( 'NONE', *, *, #679, .T. ) ;
#1291 = VERTEX_POINT ( 'NONE', #903 ) ;
#1292 = ORIENTED_EDGE ( 'NONE', *, *, #461, .T. ) ;
#1293 = FACE_OUTER_BOUND ( 'NONE', #1324, .T. ) ;
#1294 = CARTESIAN_POINT ( 'NONE',  ( -49.00000000000000000, 5.000000000000000888, 6.500000000000000888 ) ) ;
#1295 = FACE_OUTER_BOUND ( 'NONE', #1071, .T. ) ;
#1296 = CARTESIAN_POINT ( 'NONE',  ( -55.00000000000000711, 18.00000000000000000, -1.000000004967060097 ) ) ;
#1297 = CIRCLE ( 'NONE', #1107, 1.000000000000000888 ) ;
#1298 = DIRECTION ( 'NONE',  ( 0.000000000000000000, -1.000000000000000000, 0.000000000000000000 ) ) ;
#1299 = DIRECTION ( 'NONE',  ( 0.000000000000000000, -1.000000000000000000, 0.000000000000000000 ) ) ;
#1300 = DIRECTION ( 'NONE',  ( 0.000000000000000000, 0.000000000000000000, 1.000000000000000000 ) ) ;
#1301 = EDGE_CURVE ( 'NONE', #1689, #1219, #2144, .T. ) ;
#1302 = DIRECTION ( 'NONE',  ( -1.000000000000000000, 0.000000000000000000, 0.000000000000000000 ) ) ;
#1303 = DIRECTION ( 'NONE',  ( 0.000000000000000000, 1.000000000000000000, 0.000000000000000000 ) ) ;
#1304 = ORIENTED_EDGE ( 'NONE', *, *, #996, .T. ) ;
#1305 = ORIENTED_EDGE ( 'NONE', *, *, #1925, .T. ) ;
#1306 = ORIENTED_EDGE ( 'NONE', *, *, #1402, .F. ) ;
#1307 = EDGE_CURVE ( 'NONE', #869, #907, #182, .T. ) ;
#1308 = DIRECTION ( 'NONE',  ( 1.000000000000000000, 0.000000000000000000, 0.000000000000000000 ) ) ;
#1309 = DIRECTION ( 'NONE',  ( 0.000000000000000000, 0.000000000000000000, 1.000000000000000000 ) ) ;
#1310 = AXIS2_PLACEMENT_3D ( 'NONE', #1269, #2006, #732 ) ;
#1311 = AXIS2_PLACEMENT_3D ( 'NONE', #2017, #401, #24 ) ;
#1312 = EDGE_CURVE ( 'NONE', #2120, #1291, #1334, .T. ) ;
#1313 = DIRECTION ( 'NONE',  ( 0.000000000000000000, 0.000000000000000000, 1.000000000000000000 ) ) ;
#1314 = DIRECTION ( 'NONE',  ( 0.000000000000000000, -1.000000000000000000, 0.000000000000000000 ) ) ;
#1315 = PLANE ( 'NONE',  #1208 ) ;
#1316 = CARTESIAN_POINT ( 'NONE',  ( 3.083333364998300130, 0.000000000000000000, 28.49999999999999645 ) ) ;
#1317 = CARTESIAN_POINT ( 'NONE',  ( 16.95833336499829969, 5.750000000000000888, 28.49999999999999645 ) ) ;
#1318 = LINE ( 'NONE', #1885, #2163 ) ;
#1319 = EDGE_LOOP ( 'NONE', ( #2062, #784, #825, #2246 ) ) ;
#1320 = ORIENTED_EDGE ( 'NONE', *, *, #1887, .T. ) ;
#1321 = EDGE_CURVE ( 'NONE', #1452, #2056, #549, .T. ) ;
#1322 = ORIENTED_EDGE ( 'NONE', *, *, #2196, .T. ) ;
#1323 = DIRECTION ( 'NONE',  ( 0.000000000000000000, -0.000000000000000000, -1.000000000000000000 ) ) ;
#1324 = EDGE_LOOP ( 'NONE', ( #1177, #1742, #1844, #642, #738 ) ) ;
#1325 = VECTOR ( 'NONE', #1298, 1000.000000000000000 ) ;
#1326 = FACE_OUTER_BOUND ( 'NONE', #1546, .T. ) ;
#1327 = LINE ( 'NONE', #1696, #544 ) ;
#1328 = ORIENTED_EDGE ( 'NONE', *, *, #7, .F. ) ;
#1329 = DIRECTION ( 'NONE',  ( -0.000000000000000000, 1.000000000000000000, 0.000000000000000000 ) ) ;
#1330 = DIRECTION ( 'NONE',  ( 0.000000000000000000, -1.000000000000000000, 0.000000000000000000 ) ) ;
#1331 = EDGE_LOOP ( 'NONE', ( #571, #2257 ) ) ;
#1332 = ORIENTED_EDGE ( 'NONE', *, *, #684, .T. ) ;
#1333 = EDGE_LOOP ( 'NONE', ( #1378, #1702, #1862, #188 ) ) ;
#1334 = LINE ( 'NONE', #1642, #2068 ) ;
#1335 = ORIENTED_EDGE ( 'NONE', *, *, #1426, .T. ) ;
#1336 = VECTOR ( 'NONE', #503, 1000.000000000000000 ) ;
#1337 = CARTESIAN_POINT ( 'NONE',  ( -61.50000000000000000, 18.00000000000000000, 5.500000000000000888 ) ) ;
#1338 = DIRECTION ( 'NONE',  ( -1.000000000000000000, 0.000000000000000000, 0.000000000000000000 ) ) ;
#1339 = EDGE_CURVE ( 'NONE', #2221, #1060, #1876, .T. ) ;
#1340 = VECTOR ( 'NONE', #413, 1000.000000000000000 ) ;
#1341 = DIRECTION ( 'NONE',  ( 1.000000000000000000, 0.000000000000000000, 0.000000000000000000 ) ) ;
#1342 = DIRECTION ( 'NONE',  ( -1.000000000000000000, 0.000000000000000000, 0.000000000000000000 ) ) ;
#1343 = VERTEX_POINT ( 'NONE', #2045 ) ;
#1344 = ADVANCED_FACE ( 'NONE', ( #1130 ), #604, .F. ) ;
#1345 = LINE ( 'NONE', #262, #2004 ) ;
#1346 = ORIENTED_EDGE ( 'NONE', *, *, #1737, .T. ) ;
#1347 = CARTESIAN_POINT ( 'NONE',  ( 21.50000014156103489, 2.250000000000000444, 28.49999999999999645 ) ) ;
#1348 = ORIENTED_EDGE ( 'NONE', *, *, #422, .F. ) ;
#1349 = CARTESIAN_POINT ( 'NONE',  ( -62.50000000000000000, 18.00000000000000000, -7.500000000000000000 ) ) ;
#1350 = DIRECTION ( 'NONE',  ( 0.000000000000000000, 0.000000000000000000, 1.000000000000000000 ) ) ;
#1351 = ORIENTED_EDGE ( 'NONE', *, *, #219, .T. ) ;
#1352 = CIRCLE ( 'NONE', #1807, 1.000000000000000888 ) ;
#1353 = CARTESIAN_POINT ( 'NONE',  ( 33.37500000000000000, 5.750000000000000888, 31.50000000000000000 ) ) ;
#1354 = CARTESIAN_POINT ( 'NONE',  ( 36.00000000000000000, 18.00000000000000000, -28.49999999999999645 ) ) ;
#1355 = ORIENTED_EDGE ( 'NONE', *, *, #1774, .F. ) ;
#1356 = EDGE_CURVE ( 'NONE', #818, #1143, #197, .T. ) ;
#1357 = ORIENTED_EDGE ( 'NONE', *, *, #2207, .F. ) ;
#1358 = VECTOR ( 'NONE', #2019, 1000.000000000000000 ) ;
#1359 = EDGE_CURVE ( 'NONE', #1291, #1188, #771, .T. ) ;
#1360 = ADVANCED_FACE ( 'NONE', ( #1461 ), #2018, .T. ) ;
#1361 = EDGE_CURVE ( 'NONE', #328, #1718, #2055, .T. ) ;
#1362 = CARTESIAN_POINT ( 'NONE',  ( -46.62500000000000000, 15.12500000000000000, -26.00000000000000355 ) ) ;
#1363 = ORIENTED_EDGE ( 'NONE', *, *, #2202, .F. ) ;
#1364 = AXIS2_PLACEMENT_3D ( 'NONE', #1589, #291, #1745 ) ;
#1365 = LINE ( 'NONE', #1567, #2095 ) ;
#1366 = CARTESIAN_POINT ( 'NONE',  ( 43.00000000000000000, 2.000000000000000000, 24.00000000000000000 ) ) ;
#1367 = ORIENTED_EDGE ( 'NONE', *, *, #680, .F. ) ;
#1368 = EDGE_LOOP ( 'NONE', ( #2135, #490, #984, #257 ) ) ;
#1369 = AXIS2_PLACEMENT_3D ( 'NONE', #1884, #625, #1186 ) ;
#1370 = DIRECTION ( 'NONE',  ( 0.000000000000000000, 1.000000000000000000, 0.000000000000000000 ) ) ;
#1371 = CYLINDRICAL_SURFACE ( 'NONE', #913, 2.250000357263550299 ) ;
#1372 = ORIENTED_EDGE ( 'NONE', *, *, #82, .F. ) ;
#1373 = DIRECTION ( 'NONE',  ( 0.000000000000000000, 1.000000000000000000, 0.000000000000000000 ) ) ;
#1374 = DIRECTION ( 'NONE',  ( 0.000000000000000000, 0.000000000000000000, 1.000000000000000000 ) ) ;
#1375 = ORIENTED_EDGE ( 'NONE', *, *, #2370, .T. ) ;
#1376 = EDGE_CURVE ( 'NONE', #1430, #783, #224, .T. ) ;
#1377 = AXIS2_PLACEMENT_3D ( 'NONE', #965, #1695, #788 ) ;
#1378 = ORIENTED_EDGE ( 'NONE', *, *, #1679, .T. ) ;
#1379 = LINE ( 'NONE', #1000, #808 ) ;
#1380 = CARTESIAN_POINT ( 'NONE',  ( -48.00000000000000000, 18.00000000000000000, 28.49999999999999645 ) ) ;
#1381 = EDGE_CURVE ( 'NONE', #420, #1199, #1142, .T. ) ;
#1382 = CARTESIAN_POINT ( 'NONE',  ( -48.00000000000000000, 18.00000000000000000, -28.49999999999999645 ) ) ;
#1383 = CARTESIAN_POINT ( 'NONE',  ( 48.00000000000000000, 12.00000000000000000, 24.00000000000000000 ) ) ;
#1384 = ORIENTED_EDGE ( 'NONE', *, *, #1759, .F. ) ;
#1385 = VECTOR ( 'NONE', #1800, 1000.000000000000000 ) ;
#1386 = AXIS2_PLACEMENT_3D ( 'NONE', #570, #766, #84 ) ;
#1387 = CARTESIAN_POINT ( 'NONE',  ( -61.50000000000000000, 18.00000000000000000, -7.500000000000000000 ) ) ;
#1388 = ORIENTED_EDGE ( 'NONE', *, *, #1312, .T. ) ;
#1389 = VECTOR ( 'NONE', #573, 1000.000000000000000 ) ;
#1390 = CARTESIAN_POINT ( 'NONE',  ( 49.00000000000000000, 5.000000000000000888, -8.500000000000000000 ) ) ;
#1391 = DIRECTION ( 'NONE',  ( 0.000000000000000000, 1.000000000000000000, 0.000000000000000000 ) ) ;
#1392 = DIRECTION ( 'NONE',  ( 1.000000000000000000, 0.000000000000000000, 0.000000000000000000 ) ) ;
#1393 = CARTESIAN_POINT ( 'NONE',  ( -55.25000000000000000, 11.50000000000000178, -8.500000000000000000 ) ) ;
#1394 = VERTEX_POINT ( 'NONE', #1294 ) ;
#1395 = MECHANICAL_DESIGN_GEOMETRIC_PRESENTATION_REPRESENTATION (  '', ( #62 ), #1863 ) ;
#1396 = DIRECTION ( 'NONE',  ( 1.000000000000000000, 0.000000000000000000, 0.000000000000000000 ) ) ;
#1397 = ORIENTED_EDGE ( 'NONE', *, *, #1408, .T. ) ;
#1398 = CARTESIAN_POINT ( 'NONE',  ( 44.37500000000000000, 9.400000000000000355, -28.49999999999999645 ) ) ;
#1399 = DIRECTION ( 'NONE',  ( 1.000000000000000000, 0.000000000000000000, 0.000000000000000000 ) ) ;
#1400 = ORIENTED_EDGE ( 'NONE', *, *, #998, .T. ) ;
#1401 = DIRECTION ( 'NONE',  ( 0.000000000000000000, 1.000000000000000000, 0.000000000000000000 ) ) ;
#1402 = EDGE_CURVE ( 'NONE', #519, #2177, #375, .T. ) ;
#1403 = CARTESIAN_POINT ( 'NONE',  ( -7.999999523162838244, 8.000000000000000000, 31.00000000000000000 ) ) ;
#1404 = ORIENTED_EDGE ( 'NONE', *, *, #1244, .T. ) ;
#1405 = EDGE_CURVE ( 'NONE', #371, #601, #1822, .T. ) ;
#1406 = DIRECTION ( 'NONE',  ( 1.000000000000000000, 0.000000000000000000, 0.000000000000000000 ) ) ;
#1407 = EDGE_LOOP ( 'NONE', ( #325, #820, #547, #90 ) ) ;
#1408 = EDGE_CURVE ( 'NONE', #111, #2056, #25, .T. ) ;
#1409 = PRESENTATION_LAYER_ASSIGNMENT (  '', '', ( #2106 ) ) ;
#1410 = DIRECTION ( 'NONE',  ( 0.000000000000000000, 1.000000000000000000, 0.000000000000000000 ) ) ;
#1411 = DIRECTION ( 'NONE',  ( 0.000000000000000000, 1.000000000000000000, 0.000000000000000000 ) ) ;
#1412 = ORIENTED_EDGE ( 'NONE', *, *, #1059, .F. ) ;
#1413 = VECTOR ( 'NONE', #2007, 1000.000000000000000 ) ;
#1414 = ADVANCED_FACE ( 'NONE', ( #1103 ), #912, .T. ) ;
#1415 = CARTESIAN_POINT ( 'NONE',  ( 48.00000000000000000, 18.00000000000000000, 28.49999999999999645 ) ) ;
#1416 = FACE_OUTER_BOUND ( 'NONE', #356, .T. ) ;
#1417 = EDGE_CURVE ( 'NONE', #1164, #1758, #1443, .T. ) ;
#1418 = DIRECTION ( 'NONE',  ( 1.000000000000000000, 0.000000000000000000, 0.000000000000000000 ) ) ;
#1419 = CARTESIAN_POINT ( 'NONE',  ( 27.91730769230770193, 18.00000000000000000, -8.500000000000000000 ) ) ;
#1420 = VERTEX_POINT ( 'NONE', #210 ) ;
#1421 = DIRECTION ( 'NONE',  ( 0.000000000000000000, 0.000000000000000000, -1.000000000000000000 ) ) ;
#1422 = ORIENTED_EDGE ( 'NONE', *, *, #2154, .F. ) ;
#1423 = EDGE_CURVE ( 'NONE', #309, #1260, #743, .T. ) ;
#1424 = DIRECTION ( 'NONE',  ( 0.000000000000000000, 0.000000000000000000, -1.000000000000000000 ) ) ;
#1425 = LINE ( 'NONE', #1268, #421 ) ;
#1426 = EDGE_CURVE ( 'NONE', #1343, #113, #386, .T. ) ;
#1427 = LINE ( 'NONE', #2351, #1692 ) ;
#1428 = DIRECTION ( 'NONE',  ( 0.000000000000000000, -1.000000000000000000, 0.000000000000000000 ) ) ;
#1429 = DIRECTION ( 'NONE',  ( 0.000000000000000000, 0.000000000000000000, 1.000000000000000000 ) ) ;
#1430 = VERTEX_POINT ( 'NONE', #39 ) ;
#1431 = ORIENTED_EDGE ( 'NONE', *, *, #2202, .T. ) ;
#1432 = VECTOR ( 'NONE', #1577, 1000.000000000000000 ) ;
#1433 = CARTESIAN_POINT ( 'NONE',  ( 22.09230769230770264, 18.00000000000000000, -28.49999999999999645 ) ) ;
#1434 = DIRECTION ( 'NONE',  ( 1.000000000000000000, 0.000000000000000000, 0.000000000000000000 ) ) ;
#1435 = LINE ( 'NONE', #1779, #584 ) ;
#1436 = DIRECTION ( 'NONE',  ( 0.000000000000000000, 0.000000000000000000, 1.000000000000000000 ) ) ;
#1437 = DIRECTION ( 'NONE',  ( 0.000000000000000000, -1.000000000000000000, 0.000000000000000000 ) ) ;
#1438 = EDGE_LOOP ( 'NONE', ( #52, #830, #72, #1503 ) ) ;
#1439 = LINE ( 'NONE', #2173, #1265 ) ;
#1440 = ORIENTED_EDGE ( 'NONE', *, *, #684, .F. ) ;
#1441 = VECTOR ( 'NONE', #2167, 1000.000000000000000 ) ;
#1442 = ORIENTED_EDGE ( 'NONE', *, *, #952, .F. ) ;
#1443 = CIRCLE ( 'NONE', #1535, 1.000000000000000888 ) ;
#1444 = EDGE_CURVE ( 'NONE', #420, #818, #423, .T. ) ;
#1445 = CARTESIAN_POINT ( 'NONE',  ( 55.00000000000000711, 5.000000000000000888, -1.000000004967060097 ) ) ;
#1446 = DIRECTION ( 'NONE',  ( 0.000000000000000000, -0.000000000000000000, 1.000000000000000000 ) ) ;
#1447 = VECTOR ( 'NONE', #512, 1000.000000000000000 ) ;
#1448 = ADVANCED_FACE ( 'NONE', ( #1326 ), #978, .T. ) ;
#1449 = DIRECTION ( 'NONE',  ( 0.000000000000000000, -1.000000000000000000, 0.000000000000000000 ) ) ;
#1450 = LINE ( 'NONE', #214, #1325 ) ;
#1451 = LINE ( 'NONE', #2183, #205 ) ;
#1452 = VERTEX_POINT ( 'NONE', #579 ) ;
#1453 = DIRECTION ( 'NONE',  ( -1.000000000000000000, 0.000000000000000000, 0.000000000000000000 ) ) ;
#1454 = LINE ( 'NONE', #908, #1200 ) ;
#1455 = EDGE_CURVE ( 'NONE', #2056, #10, #1710, .T. ) ;
#1456 = ORIENTED_EDGE ( 'NONE', *, *, #2009, .F. ) ;
#1457 = VECTOR ( 'NONE', #2115, 1000.000000000000000 ) ;
#1458 = ORIENTED_EDGE ( 'NONE', *, *, #1426, .F. ) ;
#1459 = VECTOR ( 'NONE', #2049, 1000.000000000000000 ) ;
#1460 = CARTESIAN_POINT ( 'NONE',  ( 61.50000000000000000, 18.00000000000000000, 5.500000000000000888 ) ) ;
#1461 = FACE_OUTER_BOUND ( 'NONE', #446, .T. ) ;
#1462 = CARTESIAN_POINT ( 'NONE',  ( 48.00000000000000000, 2.000000000000000000, 24.00000000000000000 ) ) ;
#1463 = LINE ( 'NONE', #390, #2100 ) ;
#1464 = CIRCLE ( 'NONE', #1272, 1.000000000000000888 ) ;
#1465 = LINE ( 'NONE', #1110, #1161 ) ;
#1466 = LINE ( 'NONE', #1276, #1998 ) ;
#1467 = CARTESIAN_POINT ( 'NONE',  ( 22.12500000000000355, 4.875000000000000888, 30.00000000000000000 ) ) ;
#1468 = ORIENTED_EDGE ( 'NONE', *, *, #2180, .F. ) ;
#1469 = ORIENTED_EDGE ( 'NONE', *, *, #678, .F. ) ;
#1470 = VERTEX_POINT ( 'NONE', #15 ) ;
#1471 = VECTOR ( 'NONE', #795, 1000.000000000000000 ) ;
#1472 = DIRECTION ( 'NONE',  ( 0.000000000000000000, -1.000000000000000000, 0.000000000000000000 ) ) ;
#1473 = CARTESIAN_POINT ( 'NONE',  ( -1.499999858438964218, 15.25000000000000000, 33.50000000000000000 ) ) ;
#1474 = EDGE_CURVE ( 'NONE', #986, #2077, #66, .T. ) ;
#1475 = DIRECTION ( 'NONE',  ( 1.000000000000000000, 0.000000000000000000, 0.000000000000000000 ) ) ;
#1476 = DIRECTION ( 'NONE',  ( 0.000000000000000000, -1.000000000000000000, 0.000000000000000000 ) ) ;
#1477 = CARTESIAN_POINT ( 'NONE',  ( -27.75000000000000355, 4.875000000000000888, 31.50000000000000000 ) ) ;
#1478 = AXIS2_PLACEMENT_3D ( 'NONE', #1724, #83, #91 ) ;
#1479 = CARTESIAN_POINT ( 'NONE',  ( 33.37500000000000000, 4.000000000000000000, 28.49999999999999645 ) ) ;
#1480 = CARTESIAN_POINT ( 'NONE',  ( -22.12500000000000355, 4.000000000000000000, 28.49999999999999645 ) ) ;
#1481 = EDGE_LOOP ( 'NONE', ( #1732, #1230, #2319, #2262 ) ) ;
#1482 = VECTOR ( 'NONE', #517, 1000.000000000000000 ) ;
#1483 = ADVANCED_FACE ( 'NONE', ( #929 ), #1653, .F. ) ;
#1484 = ORIENTED_EDGE ( 'NONE', *, *, #1203, .F. ) ;
#1485 = ORIENTED_EDGE ( 'NONE', *, *, #2239, .T. ) ;
#1486 = ADVANCED_FACE ( 'NONE', ( #622 ), #403, .T. ) ;
#1487 = CARTESIAN_POINT ( 'NONE',  ( 33.37500000000000000, 4.875000000000000888, 31.50000000000000000 ) ) ;
#1488 = CARTESIAN_POINT ( 'NONE',  ( -43.00000000000000000, 8.150000000000000355, -28.49999999999999645 ) ) ;
#1489 = CARTESIAN_POINT ( 'NONE',  ( -33.37500000000000000, 4.875000000000000888, 30.00000000000000000 ) ) ;
#1490 = CARTESIAN_POINT ( 'NONE',  ( -33.37500000000000000, 5.791666666666670515, 28.49999999999999645 ) ) ;
#1491 = VECTOR ( 'NONE', #1907, 1000.000000000000000 ) ;
#1492 = EDGE_CURVE ( 'NONE', #2221, #741, #2331, .T. ) ;
#1493 = CARTESIAN_POINT ( 'NONE',  ( -15.00000000000000000, 8.125000000000000000, 33.50000000000000000 ) ) ;
#1494 = LINE ( 'NONE', #201, #504 ) ;
#1495 = EDGE_CURVE ( 'NONE', #2187, #438, #1065, .T. ) ;
#1496 = DIRECTION ( 'NONE',  ( 1.000000000000000000, 0.000000000000000000, 0.000000000000000000 ) ) ;
#1497 = CARTESIAN_POINT ( 'NONE',  ( -61.50000000000000000, 18.00000000000000000, -8.500000000000000000 ) ) ;
#1498 = ORIENTED_EDGE ( 'NONE', *, *, #1049, .T. ) ;
#1499 = EDGE_LOOP ( 'NONE', ( #2302, #924, #1846, #2101 ) ) ;
#1500 = ORIENTED_EDGE ( 'NONE', *, *, #1408, .F. ) ;
#1501 = DIRECTION ( 'NONE',  ( -1.000000000000000000, -0.000000000000000000, -0.000000000000000000 ) ) ;
#1502 = VECTOR ( 'NONE', #351, 1000.000000000000000 ) ;
#1503 = ORIENTED_EDGE ( 'NONE', *, *, #1, .F. ) ;
#1504 = VECTOR ( 'NONE', #947, 1000.000000000000000 ) ;
#1505 = DIRECTION ( 'NONE',  ( 0.000000000000000000, 1.000000000000000000, 0.000000000000000000 ) ) ;
#1506 = CARTESIAN_POINT ( 'NONE',  ( -45.50000000000000711, 2.875000000000000444, -23.50000000000000000 ) ) ;
#1507 = ORIENTED_EDGE ( 'NONE', *, *, #2305, .F. ) ;
#1508 = LINE ( 'NONE', #596, #891 ) ;
#1509 = DIRECTION ( 'NONE',  ( 1.000000000000000000, 0.000000000000000000, 0.000000000000000000 ) ) ;
#1510 = AXIS2_PLACEMENT_3D ( 'NONE', #1816, #737, #1302 ) ;
#1511 = CYLINDRICAL_SURFACE ( 'NONE', #410, 1.000000000000000888 ) ;
#1512 = ORIENTED_EDGE ( 'NONE', *, *, #1008, .F. ) ;
#1513 = EDGE_LOOP ( 'NONE', ( #2324, #1923, #2330, #1512 ) ) ;
#1514 = ORIENTED_EDGE ( 'NONE', *, *, #2274, .F. ) ;
#1515 = CARTESIAN_POINT ( 'NONE',  ( 46.62500000000000000, 9.400000000000000355, -28.49999999999999645 ) ) ;
#1516 = ADVANCED_FACE ( 'NONE', ( #54, #1852 ), #2046, .T. ) ;
#1517 = ORIENTED_EDGE ( 'NONE', *, *, #1980, .F. ) ;
#1518 = AXIS2_PLACEMENT_3D ( 'NONE', #477, #2109, #1753 ) ;
#1519 = VECTOR ( 'NONE', #918, 1000.000000000000000 ) ;
#1520 = CARTESIAN_POINT ( 'NONE',  ( 46.62500000000000000, 2.875000000000000444, -26.00000000000000355 ) ) ;
#1521 = CARTESIAN_POINT ( 'NONE',  ( 21.50000014156103489, 2.250000000000000444, 33.50000000000000000 ) ) ;
#1522 = ORIENTED_EDGE ( 'NONE', *, *, #1530, .T. ) ;
#1523 = DIRECTION ( 'NONE',  ( 0.000000000000000000, -1.000000000000000000, 0.000000000000000000 ) ) ;
#1524 = CARTESIAN_POINT ( 'NONE',  ( 26.59878053314328028, 2.000000000000000000, 11.00000000000000355 ) ) ;
#1525 = VERTEX_POINT ( 'NONE', #2252 ) ;
#1526 = ORIENTED_EDGE ( 'NONE', *, *, #2165, .T. ) ;
#1527 = ORIENTED_EDGE ( 'NONE', *, *, #2267, .F. ) ;
#1528 = FACE_OUTER_BOUND ( 'NONE', #920, .T. ) ;
#1529 = VERTEX_POINT ( 'NONE', #1838 ) ;
#1530 = EDGE_CURVE ( 'NONE', #1060, #400, #1866, .T. ) ;
#1531 = CARTESIAN_POINT ( 'NONE',  ( 55.00000000000000711, 5.000000000000000888, -1.000000004967060097 ) ) ;
#1532 = LINE ( 'NONE', #474, #2260 ) ;
#1533 = ORIENTED_EDGE ( 'NONE', *, *, #1602, .T. ) ;
#1534 = EDGE_CURVE ( 'NONE', #294, #2089, #607, .T. ) ;
#1535 = AXIS2_PLACEMENT_3D ( 'NONE', #14, #942, #1309 ) ;
#1536 = ADVANCED_FACE ( 'NONE', ( #1295 ), #226, .T. ) ;
#1537 = CARTESIAN_POINT ( 'NONE',  ( -1.499999858438964218, 2.250000000000000444, 2.080310372754190507 ) ) ;
#1538 = DIRECTION ( 'NONE',  ( 0.000000000000000000, 1.000000000000000000, 0.000000000000000000 ) ) ;
#1539 = ORIENTED_EDGE ( 'NONE', *, *, #1530, .F. ) ;
#1540 = EDGE_CURVE ( 'NONE', #790, #592, #593, .T. ) ;
#1541 = VECTOR ( 'NONE', #1155, 1000.000000000000000 ) ;
#1542 = ORIENTED_EDGE ( 'NONE', *, *, #270, .T. ) ;
#1543 = CYLINDRICAL_SURFACE ( 'NONE', #383, 1.000000000000000888 ) ;
#1544 = CARTESIAN_POINT ( 'NONE',  ( -44.37500000000000000, 2.875000000000000444, -23.50000000000000000 ) ) ;
#1545 = PLANE ( 'NONE',  #1638 ) ;
#1546 = EDGE_LOOP ( 'NONE', ( #1442, #669, #574, #540 ) ) ;
#1547 = VECTOR ( 'NONE', #4, 1000.000000000000000 ) ;
#1548 = FACE_OUTER_BOUND ( 'NONE', #1956, .T. ) ;
#1549 = LINE ( 'NONE', #1366, #514 ) ;
#1550 = ORIENTED_EDGE ( 'NONE', *, *, #251, .F. ) ;
#1551 = ORIENTED_EDGE ( 'NONE', *, *, #1359, .F. ) ;
#1552 = FACE_BOUND ( 'NONE', #546, .T. ) ;
#1553 = CARTESIAN_POINT ( 'NONE',  ( -55.00000000000000711, 5.000000000000000888, -1.000000004967060097 ) ) ;
#1554 = EDGE_LOOP ( 'NONE', ( #382, #1625, #950, #1038 ) ) ;
#1555 = ADVANCED_FACE ( 'NONE', ( #1879 ), #239, .T. ) ;
#1556 = VECTOR ( 'NONE', #1342, 1000.000000000000000 ) ;
#1557 = DIRECTION ( 'NONE',  ( 4.566929878185590008E-28, -1.000000000000000000, -6.728240443654459311E-18 ) ) ;
#1558 = CARTESIAN_POINT ( 'NONE',  ( 43.00000000000000000, 9.500000000000001776, 33.50000000000000000 ) ) ;
#1559 = ORIENTED_EDGE ( 'NONE', *, *, #1913, .T. ) ;
#1560 = MANIFOLD_SOLID_BREP ( 'Cut-Extrude2', #545 ) ;
#1561 = ORIENTED_EDGE ( 'NONE', *, *, #1492, .F. ) ;
#1562 = EDGE_CURVE ( 'NONE', #1637, #1279, #2069, .T. ) ;
#1563 = SURFACE_STYLE_USAGE ( .BOTH. , #1748 ) ;
#1564 = FACE_OUTER_BOUND ( 'NONE', #1196, .T. ) ;
#1565 = ORIENTED_EDGE ( 'NONE', *, *, #841, .T. ) ;
#1566 = VECTOR ( 'NONE', #1010, 1000.000000000000000 ) ;
#1567 = CARTESIAN_POINT ( 'NONE',  ( -27.33269230769230518, 18.00000000000000000, -8.500000000000000000 ) ) ;
#1568 = CARTESIAN_POINT ( 'NONE',  ( -62.50000000000000000, 18.00000000000000000, 5.500000000000000888 ) ) ;
#1569 = VERTEX_POINT ( 'NONE', #2091 ) ;
#1570 = VECTOR ( 'NONE', #1284, 1000.000000000000000 ) ;
#1571 =( GEOMETRIC_REPRESENTATION_CONTEXT ( 3 ) GLOBAL_UNCERTAINTY_ASSIGNED_CONTEXT ( ( #69 ) ) GLOBAL_UNIT_ASSIGNED_CONTEXT ( ( #304, #2304, #842 ) ) REPRESENTATION_CONTEXT ( 'NONE', 'WORKASPACE' ) );
#1572 = VERTEX_POINT ( 'NONE', #2295 ) ;
#1573 = CARTESIAN_POINT ( 'NONE',  ( 43.00000000000000000, 6.729166666666669627, 28.49999999999999645 ) ) ;
#1574 = CARTESIAN_POINT ( 'NONE',  ( 48.00000000000000000, 0.000000000000000000, -28.49999999999999645 ) ) ;
#1575 = ORIENTED_EDGE ( 'NONE', *, *, #2157, .F. ) ;
#1576 = FACE_OUTER_BOUND ( 'NONE', #1902, .T. ) ;
#1577 = DIRECTION ( 'NONE',  ( -0.000000000000000000, -0.000000000000000000, 1.000000000000000000 ) ) ;
#1578 = VERTEX_POINT ( 'NONE', #1720 ) ;
#1579 = VECTOR ( 'NONE', #1871, 1000.000000000000000 ) ;
#1580 = CARTESIAN_POINT ( 'NONE',  ( 61.50000000000000000, 18.00000000000000000, 5.500000000000000888 ) ) ;
#1581 = ORIENTED_EDGE ( 'NONE', *, *, #841, .F. ) ;
#1582 = VECTOR ( 'NONE', #2195, 1000.000000000000000 ) ;
#1583 = EDGE_CURVE ( 'NONE', #2054, #2052, #854, .T. ) ;
#1584 = DIRECTION ( 'NONE',  ( 0.000000000000000000, 0.000000000000000000, 1.000000000000000000 ) ) ;
#1585 = CARTESIAN_POINT ( 'NONE',  ( 9.666666713853681259, 13.00000000000000178, 1.916666666666670071 ) ) ;
#1586 = VERTEX_POINT ( 'NONE', #462 ) ;
#1587 = PLANE ( 'NONE',  #1157 ) ;
#1588 = ADVANCED_FACE ( 'NONE', ( #2121 ), #1017, .T. ) ;
#1589 = CARTESIAN_POINT ( 'NONE',  ( -49.00000000000000000, 5.000000000000000888, -9.500000000000001776 ) ) ;
#1590 = ORIENTED_EDGE ( 'NONE', *, *, #665, .F. ) ;
#1591 = VECTOR ( 'NONE', #1374, 1000.000000000000000 ) ;
#1592 = DIRECTION ( 'NONE',  ( 0.000000000000000000, -1.000000000000000000, 0.000000000000000000 ) ) ;
#1593 = ORIENTED_EDGE ( 'NONE', *, *, #938, .F. ) ;
#1594 = DIRECTION ( 'NONE',  ( 1.000000000000000000, 0.000000000000000000, -0.000000000000000000 ) ) ;
#1595 = PLANE ( 'NONE',  #524 ) ;
#1596 = VECTOR ( 'NONE', #2048, 1000.000000000000000 ) ;
#1597 = ORIENTED_EDGE ( 'NONE', *, *, #2370, .F. ) ;
#1598 = DIRECTION ( 'NONE',  ( 1.000000000000000000, 0.000000000000000000, 0.000000000000000000 ) ) ;
#1599 = LINE ( 'NONE', #485, #2212 ) ;
#1600 = CARTESIAN_POINT ( 'NONE',  ( -48.00000000000000000, 5.000000000000000888, -9.500000000000001776 ) ) ;
#1601 = ORIENTED_EDGE ( 'NONE', *, *, #1743, .T. ) ;
#1602 = EDGE_CURVE ( 'NONE', #767, #94, #473, .T. ) ;
#1603 = EDGE_CURVE ( 'NONE', #2355, #1046, #812, .T. ) ;
#1604 = CARTESIAN_POINT ( 'NONE',  ( -1.499999858438964218, 2.250000000000000444, 33.50000000000000000 ) ) ;
#1605 = ORIENTED_EDGE ( 'NONE', *, *, #486, .T. ) ;
#1606 = CIRCLE ( 'NONE', #768, 1.000000000000000888 ) ;
#1607 = EDGE_CURVE ( 'NONE', #1260, #1861, #88, .T. ) ;
#1608 = FACE_OUTER_BOUND ( 'NONE', #1820, .T. ) ;
#1609 = DIRECTION ( 'NONE',  ( 0.000000000000000000, 1.000000000000000000, 0.000000000000000000 ) ) ;
#1610 = VECTOR ( 'NONE', #2333, 1000.000000000000000 ) ;
#1611 = DIRECTION ( 'NONE',  ( 0.000000000000000000, 1.000000000000000000, 0.000000000000000000 ) ) ;
#1612 = FACE_OUTER_BOUND ( 'NONE', #1952, .T. ) ;
#1613 = DIRECTION ( 'NONE',  ( 1.000000000000000000, 0.000000000000000000, 0.000000000000000000 ) ) ;
#1614 = ORIENTED_EDGE ( 'NONE', *, *, #1630, .F. ) ;
#1615 = VECTOR ( 'NONE', #704, 1000.000000000000000 ) ;
#1616 = ORIENTED_EDGE ( 'NONE', *, *, #1062, .F. ) ;
#1617 = AXIS2_PLACEMENT_3D ( 'NONE', #406, #1856, #2243 ) ;
#1618 = LINE ( 'NONE', #2325, #629 ) ;
#1619 = CARTESIAN_POINT ( 'NONE',  ( -44.37500000000000000, 15.12500000000000000, -23.50000000000000000 ) ) ;
#1620 = CARTESIAN_POINT ( 'NONE',  ( 33.37500000000000000, 4.875000000000000888, 30.00000000000000000 ) ) ;
#1621 = CARTESIAN_POINT ( 'NONE',  ( 2.000000000000000000, 15.50000000000000000, -25.25000000000000000 ) ) ;
#1622 = DIRECTION ( 'NONE',  ( 0.000000000000000000, 0.000000000000000000, 1.000000000000000000 ) ) ;
#1623 = LINE ( 'NONE', #1057, #1547 ) ;
#1624 = ORIENTED_EDGE ( 'NONE', *, *, #736, .T. ) ;
#1625 = ORIENTED_EDGE ( 'NONE', *, *, #471, .F. ) ;
#1626 = VECTOR ( 'NONE', #1077, 1000.000000000000000 ) ;
#1627 = LINE ( 'NONE', #2359, #1796 ) ;
#1628 = CARTESIAN_POINT ( 'NONE',  ( -44.37500000000000000, 9.000000000000000000, -23.50000000000000000 ) ) ;
#1629 = APPLICATION_PROTOCOL_DEFINITION ( 'draft international standard', 'automotive_design', 1998, #799 ) ;
#1630 = EDGE_CURVE ( 'NONE', #1141, #696, #1379, .T. ) ;
#1631 = DIRECTION ( 'NONE',  ( -1.000000000000000000, 0.000000000000000000, 0.000000000000000000 ) ) ;
#1632 = DIRECTION ( 'NONE',  ( -1.000000000000000000, 0.000000000000000000, 0.000000000000000000 ) ) ;
#1633 = LINE ( 'NONE', #159, #158 ) ;
#1634 = EDGE_LOOP ( 'NONE', ( #2015, #2127, #1456, #1693, #1967, #727 ) ) ;
#1635 = CYLINDRICAL_SURFACE ( 'NONE', #285, 1.000000000000000888 ) ;
#1636 = CARTESIAN_POINT ( 'NONE',  ( -1.499999858438964218, 15.25000000000000000, 2.080310372754190507 ) ) ;
#1637 = VERTEX_POINT ( 'NONE', #1760 ) ;
#1638 = AXIS2_PLACEMENT_3D ( 'NONE', #2277, #651, #268 ) ;
#1639 = EDGE_LOOP ( 'NONE', ( #36, #1184, #1304, #175 ) ) ;
#1640 = AXIS2_PLACEMENT_3D ( 'NONE', #1489, #1475, #2264 ) ;
#1641 = DIRECTION ( 'NONE',  ( 0.000000000000000000, 1.000000000000000000, 0.000000000000000000 ) ) ;
#1642 = CARTESIAN_POINT ( 'NONE',  ( 55.19230769230770051, 5.000000000000000888, 6.500000000000000888 ) ) ;
#1643 = LINE ( 'NONE', #405, #598 ) ;
#1644 = CARTESIAN_POINT ( 'NONE',  ( -48.00000000000000000, 10.02500000000000036, -28.49999999999999645 ) ) ;
#1645 = ORIENTED_EDGE ( 'NONE', *, *, #1709, .T. ) ;
#1646 = LINE ( 'NONE', #174, #785 ) ;
#1647 = VERTEX_POINT ( 'NONE', #1009 ) ;
#1648 = VERTEX_POINT ( 'NONE', #2317 ) ;
#1649 = EDGE_LOOP ( 'NONE', ( #1688, #74, #103, #424, #2294, #1290, #1375, #1542 ) ) ;
#1650 = VECTOR ( 'NONE', #362, 1000.000000000000000 ) ;
#1651 = FACE_OUTER_BOUND ( 'NONE', #1251, .T. ) ;
#1652 = DIRECTION ( 'NONE',  ( 1.000000000000000000, 0.000000000000000000, 0.000000000000000000 ) ) ;
#1653 = PLANE ( 'NONE',  #1221 ) ;
#1654 = LINE ( 'NONE', #1462, #1168 ) ;
#1655 = EDGE_CURVE ( 'NONE', #1912, #1079, #832, .T. ) ;
#1656 = LINE ( 'NONE', #931, #1015 ) ;
#1657 = AXIS2_PLACEMENT_3D ( 'NONE', #1670, #1132, #28 ) ;
#1658 = CARTESIAN_POINT ( 'NONE',  ( 43.00000000000000000, 9.500000000000001776, 28.49999999999999645 ) ) ;
#1659 = CARTESIAN_POINT ( 'NONE',  ( 55.00000000000000711, 18.00000000000000000, -3.250000362230610396 ) ) ;
#1660 = CYLINDRICAL_SURFACE ( 'NONE', #1510, 4.999999999999997335 ) ;
#1661 = ORIENTED_EDGE ( 'NONE', *, *, #1668, .T. ) ;
#1662 = ORIENTED_EDGE ( 'NONE', *, *, #1104, .T. ) ;
#1663 = ORIENTED_EDGE ( 'NONE', *, *, #1860, .F. ) ;
#1664 = EDGE_CURVE ( 'NONE', #2120, #1141, #1297, .T. ) ;
#1665 = VECTOR ( 'NONE', #2097, 1000.000000000000000 ) ;
#1666 = CARTESIAN_POINT ( 'NONE',  ( 43.00000000000000000, 18.00000000000000000, 33.50000000000000000 ) ) ;
#1667 = DIRECTION ( 'NONE',  ( 0.000000000000000000, -1.000000000000000000, 0.000000000000000000 ) ) ;
#1668 = EDGE_CURVE ( 'NONE', #869, #113, #1937, .T. ) ;
#1669 = DIRECTION ( 'NONE',  ( 0.000000000000000000, 0.000000000000000000, -1.000000000000000000 ) ) ;
#1670 = CARTESIAN_POINT ( 'NONE',  ( 27.75000000000000355, 5.750000000000000888, 30.00000000000000000 ) ) ;
#1671 = DIRECTION ( 'NONE',  ( -1.000000000000000000, 0.000000000000000000, 0.000000000000000000 ) ) ;
#1672 = FACE_OUTER_BOUND ( 'NONE', #411, .T. ) ;
#1673 = FACE_OUTER_BOUND ( 'NONE', #847, .T. ) ;
#1674 = LINE ( 'NONE', #971, #1556 ) ;
#1675 = ORIENTED_EDGE ( 'NONE', *, *, #1887, .F. ) ;
#1676 = ADVANCED_FACE ( 'NONE', ( #1552, #640 ), #2103, .F. ) ;
#1677 = ORIENTED_EDGE ( 'NONE', *, *, #1444, .F. ) ;
#1678 = ORIENTED_EDGE ( 'NONE', *, *, #1301, .F. ) ;
#1679 = EDGE_CURVE ( 'NONE', #1452, #2026, #116, .T. ) ;
#1680 = CARTESIAN_POINT ( 'NONE',  ( -10.79166663500170209, 4.000000000000000000, 28.49999999999999645 ) ) ;
#1681 = CARTESIAN_POINT ( 'NONE',  ( 16.95833336499829969, 4.000000000000000000, 28.49999999999999645 ) ) ;
#1682 = DIRECTION ( 'NONE',  ( 0.000000000000000000, 1.000000000000000000, 0.000000000000000000 ) ) ;
#1683 = AXIS2_PLACEMENT_3D ( 'NONE', #2288, #1584, #1191 ) ;
#1684 = LINE ( 'NONE', #377, #1596 ) ;
#1685 = LINE ( 'NONE', #229, #1932 ) ;
#1686 = CARTESIAN_POINT ( 'NONE',  ( 48.00000000000000000, 5.000000000000000888, 2.249999994268780501 ) ) ;
#1687 = CARTESIAN_POINT ( 'NONE',  ( 62.50000000000000000, 18.00000000000000000, -7.500000000000000000 ) ) ;
#1688 = ORIENTED_EDGE ( 'NONE', *, *, #2009, .T. ) ;
#1689 = VERTEX_POINT ( 'NONE', #1544 ) ;
#1690 = VERTEX_POINT ( 'NONE', #2276 ) ;
#1691 = DIRECTION ( 'NONE',  ( 0.000000000000000000, 1.000000000000000000, 0.000000000000000000 ) ) ;
#1692 = VECTOR ( 'NONE', #2168, 1000.000000000000000 ) ;
#1693 = ORIENTED_EDGE ( 'NONE', *, *, #915, .T. ) ;
#1694 = AXIS2_PLACEMENT_3D ( 'NONE', #385, #1116, #367 ) ;
#1695 = DIRECTION ( 'NONE',  ( 0.000000000000000000, 0.000000000000000000, 1.000000000000000000 ) ) ;
#1696 = CARTESIAN_POINT ( 'NONE',  ( 22.33333336499830324, 5.000000000000000888, 28.49999999999999645 ) ) ;
#1697 = EDGE_LOOP ( 'NONE', ( #1931, #2357, #1412, #2174 ) ) ;
#1698 = UNCERTAINTY_MEASURE_WITH_UNIT (LENGTH_MEASURE( 1.000000000000000082E-05 ), #2340, 'distance_accuracy_value', 'NONE');
#1699 = VECTOR ( 'NONE', #2253, 1000.000000000000000 ) ;
#1700 = DIRECTION ( 'NONE',  ( 1.000000000000000000, 0.000000000000000000, 0.000000000000000000 ) ) ;
#1701 = LINE ( 'NONE', #32, #481 ) ;
#1702 = ORIENTED_EDGE ( 'NONE', *, *, #2088, .T. ) ;
#1703 = EDGE_CURVE ( 'NONE', #2273, #2077, #127, .T. ) ;
#1704 = EDGE_LOOP ( 'NONE', ( #1372, #2334, #453, #275, #994, #1514, #974, #436, #464, #898 ) ) ;
#1705 = ORIENTED_EDGE ( 'NONE', *, *, #267, .F. ) ;
#1706 = DIRECTION ( 'NONE',  ( -1.000000000000000000, 0.000000000000000000, 0.000000000000000000 ) ) ;
#1707 = EDGE_CURVE ( 'NONE', #2014, #2177, #347, .T. ) ;
#1708 = ORIENTED_EDGE ( 'NONE', *, *, #1003, .T. ) ;
#1709 = EDGE_CURVE ( 'NONE', #839, #1147, #1627, .T. ) ;
#1710 = LINE ( 'NONE', #1520, #617 ) ;
#1711 = DIRECTION ( 'NONE',  ( 0.000000000000000000, -1.000000000000000000, 0.000000000000000000 ) ) ;
#1712 = ORIENTED_EDGE ( 'NONE', *, *, #1444, .T. ) ;
#1713 = ADVANCED_FACE ( 'NONE', ( #1608 ), #2178, .F. ) ;
#1714 = PLANE ( 'NONE',  #848 ) ;
#1715 = LINE ( 'NONE', #1524, #1504 ) ;
#1716 = VERTEX_POINT ( 'NONE', #339 ) ;
#1717 = DIRECTION ( 'NONE',  ( 0.000000000000000000, -1.000000000000000000, 0.000000000000000000 ) ) ;
#1718 = VERTEX_POINT ( 'NONE', #1074 ) ;
#1719 = CARTESIAN_POINT ( 'NONE',  ( -2.666666515792410319, 5.000000000000000888, 28.49999999999999645 ) ) ;
#1720 = CARTESIAN_POINT ( 'NONE',  ( -33.37500000000000000, 4.000000000000000000, 31.50000000000000000 ) ) ;
#1721 = CARTESIAN_POINT ( 'NONE',  ( -33.37500000000000000, 4.000000000000000000, 30.00000000000000000 ) ) ;
#1722 = ORIENTED_EDGE ( 'NONE', *, *, #1602, .F. ) ;
#1723 = VECTOR ( 'NONE', #1182, 1000.000000000000000 ) ;
#1724 = CARTESIAN_POINT ( 'NONE',  ( 45.50000000000000711, 9.000000000000000000, -23.50000000000000000 ) ) ;
#1725 = CARTESIAN_POINT ( 'NONE',  ( 49.00000000000000000, 5.000000000000000888, -9.500000000000001776 ) ) ;
#1726 = ORIENTED_EDGE ( 'NONE', *, *, #2129, .F. ) ;
#1727 = AXIS2_PLACEMENT_3D ( 'NONE', #800, #302, #479 ) ;
#1728 = ORIENTED_EDGE ( 'NONE', *, *, #863, .F. ) ;
#1729 = EDGE_CURVE ( 'NONE', #755, #438, #2143, .T. ) ;
#1730 = CARTESIAN_POINT ( 'NONE',  ( 43.00000000000000000, 2.000000000000000000, 24.00000000000000000 ) ) ;
#1731 = CARTESIAN_POINT ( 'NONE',  ( 36.00000000000000000, 15.50000000000000000, -22.00000000000000355 ) ) ;
#1732 = ORIENTED_EDGE ( 'NONE', *, *, #1423, .T. ) ;
#1733 = ADVANCED_FACE ( 'NONE', ( #1267 ), #716, .F. ) ;
#1734 = DIRECTION ( 'NONE',  ( -0.000000000000000000, 1.000000000000000000, 0.000000000000000000 ) ) ;
#1735 = FACE_OUTER_BOUND ( 'NONE', #1006, .T. ) ;
#1736 = ORIENTED_EDGE ( 'NONE', *, *, #679, .F. ) ;
#1737 = EDGE_CURVE ( 'NONE', #2347, #1420, #1606, .T. ) ;
#1738 = ORIENTED_EDGE ( 'NONE', *, *, #352, .T. ) ;
#1739 = ADVANCED_FACE ( 'NONE', ( #326 ), #1222, .F. ) ;
#1740 = CARTESIAN_POINT ( 'NONE',  ( 43.60000000000000142, 9.800000000000000711, -28.49999999999999645 ) ) ;
#1741 = CARTESIAN_POINT ( 'NONE',  ( 2.000000000000000000, 13.00000000000000178, -11.66666666666669983 ) ) ;
#1742 = ORIENTED_EDGE ( 'NONE', *, *, #1062, .T. ) ;
#1743 = EDGE_CURVE ( 'NONE', #400, #1420, #697, .T. ) ;
#1744 = DIRECTION ( 'NONE',  ( 1.000000000000000000, 0.000000000000000000, 0.000000000000000000 ) ) ;
#1745 = DIRECTION ( 'NONE',  ( 0.000000000000000000, 0.000000000000000000, 1.000000000000000000 ) ) ;
#1746 = ORIENTED_EDGE ( 'NONE', *, *, #1109, .F. ) ;
#1747 = VERTEX_POINT ( 'NONE', #2337 ) ;
#1748 = SURFACE_SIDE_STYLE ('',( #1895 ) ) ;
#1749 = CARTESIAN_POINT ( 'NONE',  ( 43.00000000000000000, 0.000000000000000000, 28.49999999999999645 ) ) ;
#1750 = VERTEX_POINT ( 'NONE', #2155 ) ;
#1751 = VECTOR ( 'NONE', #2113, 1000.000000000000000 ) ;
#1752 = DIRECTION ( 'NONE',  ( 0.000000000000000000, 1.000000000000000000, 0.000000000000000000 ) ) ;
#1753 = DIRECTION ( 'NONE',  ( 0.000000000000000000, 0.000000000000000000, 1.000000000000000000 ) ) ;
#1754 = ORIENTED_EDGE ( 'NONE', *, *, #2274, .T. ) ;
#1755 = VECTOR ( 'NONE', #427, 1000.000000000000000 ) ;
#1756 = CYLINDRICAL_SURFACE ( 'NONE', #694, 1.000000000000000000 ) ;
#1757 = EDGE_LOOP ( 'NONE', ( #1712, #2247 ) ) ;
#1758 = VERTEX_POINT ( 'NONE', #1972 ) ;
#1759 = EDGE_CURVE ( 'NONE', #438, #2187, #960, .T. ) ;
#1760 = CARTESIAN_POINT ( 'NONE',  ( 49.00000000000000000, 5.000000000000000888, -8.500000000000000000 ) ) ;
#1761 = DIRECTION ( 'NONE',  ( 1.000000000000000000, 0.000000000000000000, 0.000000000000000000 ) ) ;
#1762 = EDGE_LOOP ( 'NONE', ( #1527, #135, #769, #619 ) ) ;
#1763 = VECTOR ( 'NONE', #290, 1000.000000000000000 ) ;
#1764 = CARTESIAN_POINT ( 'NONE',  ( 38.50000000000000711, 5.000000000000000888, 31.00000000000000000 ) ) ;
#1765 = LINE ( 'NONE', #2321, #793 ) ;
#1766 = ORIENTED_EDGE ( 'NONE', *, *, #223, .T. ) ;
#1767 = VECTOR ( 'NONE', #1594, 1000.000000000000000 ) ;
#1768 = CARTESIAN_POINT ( 'NONE',  ( 48.00000000000000000, 18.00000000000000000, -9.500000000000001776 ) ) ;
#1769 = VERTEX_POINT ( 'NONE', #181 ) ;
#1770 = ORIENTED_EDGE ( 'NONE', *, *, #1583, .T. ) ;
#1771 = EDGE_CURVE ( 'NONE', #372, #850, #729, .T. ) ;
#1772 = VECTOR ( 'NONE', #240, 1000.000000000000000 ) ;
#1773 = DIRECTION ( 'NONE',  ( 0.000000000000000000, -1.000000000000000000, 0.000000000000000000 ) ) ;
#1774 = EDGE_CURVE ( 'NONE', #1978, #106, #534, .T. ) ;
#1775 = CARTESIAN_POINT ( 'NONE',  ( 49.00000000000000000, 18.00000000000000000, -8.500000000000000000 ) ) ;
#1776 = ORIENTED_EDGE ( 'NONE', *, *, #934, .F. ) ;
#1777 = EDGE_CURVE ( 'NONE', #1279, #637, #530, .T. ) ;
#1778 = EDGE_CURVE ( 'NONE', #986, #627, #1981, .T. ) ;
#1779 = CARTESIAN_POINT ( 'NONE',  ( 44.55000000000000426, 15.12500000000000000, -28.49999999999999645 ) ) ;
#1780 = CARTESIAN_POINT ( 'NONE',  ( -27.33269230769230518, 18.00000000000000000, 6.500000000000000888 ) ) ;
#1781 = CARTESIAN_POINT ( 'NONE',  ( 22.33333336499830324, 9.500000000000001776, 28.49999999999999645 ) ) ;
#1782 = ORIENTED_EDGE ( 'NONE', *, *, #647, .F. ) ;
#1783 = EDGE_CURVE ( 'NONE', #601, #1529, #1618, .T. ) ;
#1784 = AXIS2_PLACEMENT_3D ( 'NONE', #1393, #1187, #676 ) ;
#1785 = DIRECTION ( 'NONE',  ( 0.000000000000000000, -1.000000000000000000, 0.000000000000000000 ) ) ;
#1786 = EDGE_LOOP ( 'NONE', ( #590, #1517, #484, #2067 ) ) ;
#1787 = CIRCLE ( 'NONE', #1369, 1.000000000000000888 ) ;
#1788 = DIRECTION ( 'NONE',  ( 0.000000000000000000, -1.000000000000000000, 0.000000000000000000 ) ) ;
#1789 = LINE ( 'NONE', #117, #838 ) ;
#1790 = VECTOR ( 'NONE', #1418, 1000.000000000000000 ) ;
#1791 = CARTESIAN_POINT ( 'NONE',  ( -1.499999858438964218, 2.250000000000000444, 28.49999999999999645 ) ) ;
#1792 = CARTESIAN_POINT ( 'NONE',  ( -48.00000000000000000, 10.25000000000000000, -0.5000000000000000000 ) ) ;
#1793 = DIRECTION ( 'NONE',  ( 0.000000000000000000, -1.000000000000000000, 0.000000000000000000 ) ) ;
#1794 = ORIENTED_EDGE ( 'NONE', *, *, #683, .T. ) ;
#1795 = ORIENTED_EDGE ( 'NONE', *, *, #441, .T. ) ;
#1796 = VECTOR ( 'NONE', #141, 1000.000000000000000 ) ;
#1797 = CARTESIAN_POINT ( 'NONE',  ( 22.12500000000000355, 4.000000000000000000, 30.00000000000000000 ) ) ;
#1798 = EDGE_CURVE ( 'NONE', #93, #2369, #491, .T. ) ;
#1799 = CARTESIAN_POINT ( 'NONE',  ( 43.00000000000000000, 18.00000000000000000, 28.49999999999999645 ) ) ;
#1800 = DIRECTION ( 'NONE',  ( 0.000000000000000000, 1.000000000000000000, 0.000000000000000000 ) ) ;
#1801 = CARTESIAN_POINT ( 'NONE',  ( -1.499999858438964218, 2.250000000000000444, 33.50000000000000000 ) ) ;
#1802 = CARTESIAN_POINT ( 'NONE',  ( 43.00000000000000000, 5.000000000000000888, 33.50000000000000000 ) ) ;
#1803 = ORIENTED_EDGE ( 'NONE', *, *, #2016, .F. ) ;
#1804 = DIRECTION ( 'NONE',  ( 0.000000000000000000, -1.000000000000000000, 0.000000000000000000 ) ) ;
#1805 = AXIS2_PLACEMENT_3D ( 'NONE', #1296, #930, #404 ) ;
#1806 = VERTEX_POINT ( 'NONE', #522 ) ;
#1807 = AXIS2_PLACEMENT_3D ( 'NONE', #711, #919, #2161 ) ;
#1808 = EDGE_CURVE ( 'NONE', #1151, #1769, #1821, .T. ) ;
#1809 = CARTESIAN_POINT ( 'NONE',  ( -61.50000000000000000, 5.000000000000000888, 5.500000000000000888 ) ) ;
#1810 = CARTESIAN_POINT ( 'NONE',  ( -48.00000000000000000, 5.000000000000000888, -0.7500000057312160573 ) ) ;
#1811 = FACE_BOUND ( 'NONE', #1176, .T. ) ;
#1812 = PLANE ( 'NONE',  #560 ) ;
#1813 = CARTESIAN_POINT ( 'NONE',  ( 48.00000000000000000, 2.000000000000000000, 11.00000000000000355 ) ) ;
#1814 = ORIENTED_EDGE ( 'NONE', *, *, #1455, .F. ) ;
#1815 = FACE_OUTER_BOUND ( 'NONE', #1115, .T. ) ;
#1816 = CARTESIAN_POINT ( 'NONE',  ( -43.00000000000000000, 18.00000000000000000, 28.49999999999999645 ) ) ;
#1817 = ORIENTED_EDGE ( 'NONE', *, *, #1492, .T. ) ;
#1818 = AXIS2_PLACEMENT_3D ( 'NONE', #2116, #1013, #487 ) ;
#1819 = ORIENTED_EDGE ( 'NONE', *, *, #1958, .F. ) ;
#1820 = EDGE_LOOP ( 'NONE', ( #1322, #496, #511, #86 ) ) ;
#1821 = LINE ( 'NONE', #1254, #1767 ) ;
#1822 = LINE ( 'NONE', #578, #192 ) ;
#1823 =( NAMED_UNIT ( * ) SI_UNIT ( $, .STERADIAN. ) SOLID_ANGLE_UNIT ( ) );
#1824 = CARTESIAN_POINT ( 'NONE',  ( 0.5846153846153849809, 18.00000000000000000, 2.847309690255390269 ) ) ;
#1825 = CARTESIAN_POINT ( 'NONE',  ( -43.00000000000000000, 0.000000000000000000, 33.50000000000000000 ) ) ;
#1826 = DIRECTION ( 'NONE',  ( 0.000000000000000000, 0.000000000000000000, -1.000000000000000000 ) ) ;
#1827 = ORIENTED_EDGE ( 'NONE', *, *, #1540, .F. ) ;
#1828 = CARTESIAN_POINT ( 'NONE',  ( 7.916666721925140315, 13.00000000000000178, 28.49999999999999645 ) ) ;
#1829 = ORIENTED_EDGE ( 'NONE', *, *, #1916, .F. ) ;
#1830 = ORIENTED_EDGE ( 'NONE', *, *, #989, .F. ) ;
#1831 = VERTEX_POINT ( 'NONE', #1835 ) ;
#1832 = ADVANCED_FACE ( 'NONE', ( #1102, #1651 ), #577, .F. ) ;
#1833 = AXIS2_PLACEMENT_3D ( 'NONE', #1131, #744, #760 ) ;
#1834 = EDGE_CURVE ( 'NONE', #1188, #2290, #1232, .T. ) ;
#1835 = CARTESIAN_POINT ( 'NONE',  ( 22.12500000000000355, 5.750000000000000888, 28.49999999999999645 ) ) ;
#1836 = CARTESIAN_POINT ( 'NONE',  ( 44.55000000000000426, 2.875000000000000444, -28.49999999999999645 ) ) ;
#1837 = ADVANCED_FACE ( 'NONE', ( #1849 ), #196, .T. ) ;
#1838 = CARTESIAN_POINT ( 'NONE',  ( 43.00000000000000000, 0.000000000000000000, 33.50000000000000000 ) ) ;
#1839 = DIRECTION ( 'NONE',  ( 0.000000000000000000, 0.000000000000000000, -1.000000000000000000 ) ) ;
#1840 = CIRCLE ( 'NONE', #280, 1.000000000000000888 ) ;
#1841 = DIRECTION ( 'NONE',  ( 0.000000000000000000, 0.000000000000000000, 1.000000000000000000 ) ) ;
#1842 = FACE_OUTER_BOUND ( 'NONE', #1084, .T. ) ;
#1843 = CARTESIAN_POINT ( 'NONE',  ( 43.00000000000000000, 12.00000000000000000, 11.00000000000000355 ) ) ;
#1844 = ORIENTED_EDGE ( 'NONE', *, *, #643, .T. ) ;
#1845 = EDGE_CURVE ( 'NONE', #2273, #234, #941, .T. ) ;
#1846 = ORIENTED_EDGE ( 'NONE', *, *, #576, .T. ) ;
#1847 = EDGE_CURVE ( 'NONE', #2139, #1164, #374, .T. ) ;
#1848 = VERTEX_POINT ( 'NONE', #742 ) ;
#1849 = FACE_OUTER_BOUND ( 'NONE', #1943, .T. ) ;
#1850 = DIRECTION ( 'NONE',  ( 0.000000000000000000, 0.000000000000000000, -1.000000000000000000 ) ) ;
#1851 = VECTOR ( 'NONE', #2050, 1000.000000000000000 ) ;
#1852 = FACE_OUTER_BOUND ( 'NONE', #2316, .T. ) ;
#1853 = LINE ( 'NONE', #16, #739 ) ;
#1854 = CARTESIAN_POINT ( 'NONE',  ( 48.00000000000000000, 5.000000000000000888, -9.500000000000001776 ) ) ;
#1855 = EDGE_CURVE ( 'NONE', #2008, #2259, #2044, .T. ) ;
#1856 = DIRECTION ( 'NONE',  ( 1.000000000000000000, 0.000000000000000000, 0.000000000000000000 ) ) ;
#1857 = DIRECTION ( 'NONE',  ( 1.000000000000000000, 0.000000000000000000, 0.000000000000000000 ) ) ;
#1858 = PLANE ( 'NONE',  #2090 ) ;
#1859 = ORIENTED_EDGE ( 'NONE', *, *, #610, .F. ) ;
#1860 = EDGE_CURVE ( 'NONE', #1690, #1529, #853, .T. ) ;
#1861 = VERTEX_POINT ( 'NONE', #2209 ) ;
#1862 = ORIENTED_EDGE ( 'NONE', *, *, #1211, .T. ) ;
#1863 =( GEOMETRIC_REPRESENTATION_CONTEXT ( 3 ) GLOBAL_UNCERTAINTY_ASSIGNED_CONTEXT ( ( #1698 ) ) GLOBAL_UNIT_ASSIGNED_CONTEXT ( ( #2340, #709, #1823 ) ) REPRESENTATION_CONTEXT ( 'NONE', 'WORKASPACE' ) );
#1864 = DIRECTION ( 'NONE',  ( 1.000000000000000000, 0.000000000000000000, 0.000000000000000000 ) ) ;
#1865 = CARTESIAN_POINT ( 'NONE',  ( 26.63333335692680137, 13.00000000000000178, -28.49999999999999645 ) ) ;
#1866 = LINE ( 'NONE', #1349, #460 ) ;
#1867 = FACE_BOUND ( 'NONE', #1786, .T. ) ;
#1868 = CARTESIAN_POINT ( 'NONE',  ( 36.00000000000000000, 18.00000000000000000, -22.00000000000000355 ) ) ;
#1869 = CARTESIAN_POINT ( 'NONE',  ( 34.00000000000000000, 5.000000000000000888, 33.50000000000000000 ) ) ;
#1870 = CARTESIAN_POINT ( 'NONE',  ( 61.50000000000000000, 5.000000000000000888, -7.500000000000000000 ) ) ;
#1871 = DIRECTION ( 'NONE',  ( 0.000000000000000000, 0.000000000000000000, 1.000000000000000000 ) ) ;
#1872 = ORIENTED_EDGE ( 'NONE', *, *, #1777, .T. ) ;
#1873 = ORIENTED_EDGE ( 'NONE', *, *, #1855, .T. ) ;
#1874 = ORIENTED_EDGE ( 'NONE', *, *, #151, .T. ) ;
#1875 = AXIS2_PLACEMENT_3D ( 'NONE', #1799, #1973, #153 ) ;
#1876 = LINE ( 'NONE', #2224, #917 ) ;
#1877 = VERTEX_POINT ( 'NONE', #561 ) ;
#1878 = VECTOR ( 'NONE', #1501, 1000.000000000000000 ) ;
#1879 = FACE_OUTER_BOUND ( 'NONE', #1014, .T. ) ;
#1880 = CARTESIAN_POINT ( 'NONE',  ( 26.59878053314328028, 2.000000000000000000, 24.00000000000000000 ) ) ;
#1881 = AXIS2_PLACEMENT_3D ( 'NONE', #1740, #1029, #96 ) ;
#1882 = ORIENTED_EDGE ( 'NONE', *, *, #99, .T. ) ;
#1883 = ADVANCED_FACE ( 'NONE', ( #1293 ), #2030, .F. ) ;
#1884 = CARTESIAN_POINT ( 'NONE',  ( -49.00000000000000000, 18.00000000000000000, -9.500000000000001776 ) ) ;
#1885 = CARTESIAN_POINT ( 'NONE',  ( -7.999999523162838244, 5.000000000000000888, 31.00000000000000000 ) ) ;
#1886 = VERTEX_POINT ( 'NONE', #145 ) ;
#1887 = EDGE_CURVE ( 'NONE', #2322, #1147, #1623, .T. ) ;
#1888 = VECTOR ( 'NONE', #434, 1000.000000000000000 ) ;
#1889 = ORIENTED_EDGE ( 'NONE', *, *, #1270, .T. ) ;
#1890 = ORIENTED_EDGE ( 'NONE', *, *, #643, .F. ) ;
#1891 = CARTESIAN_POINT ( 'NONE',  ( 43.00000000000000000, 6.750000000000000888, 16.16666666666669983 ) ) ;
#1892 = EDGE_CURVE ( 'NONE', #191, #1747, #1977, .T. ) ;
#1893 = ORIENTED_EDGE ( 'NONE', *, *, #1405, .T. ) ;
#1894 = VECTOR ( 'NONE', #2086, 1000.000000000000000 ) ;
#1895 = SURFACE_STYLE_FILL_AREA ( #1158 ) ;
#1896 = LINE ( 'NONE', #1106, #323 ) ;
#1897 = VERTEX_POINT ( 'NONE', #884 ) ;
#1898 = AXIS2_PLACEMENT_3D ( 'NONE', #2213, #1314, #2058 ) ;
#1899 = FACE_OUTER_BOUND ( 'NONE', #284, .T. ) ;
#1900 = VECTOR ( 'NONE', #1717, 1000.000000000000000 ) ;
#1901 = LINE ( 'NONE', #1497, #659 ) ;
#1902 = EDGE_LOOP ( 'NONE', ( #138, #1936, #79, #2367 ) ) ;
#1903 = DIRECTION ( 'NONE',  ( 0.000000000000000000, 1.000000000000000000, 0.000000000000000000 ) ) ;
#1904 = ORIENTED_EDGE ( 'NONE', *, *, #1381, .F. ) ;
#1905 = LINE ( 'NONE', #2152, #2336 ) ;
#1906 = AXIS2_PLACEMENT_3D ( 'NONE', #1403, #1005, #1195 ) ;
#1907 = DIRECTION ( 'NONE',  ( 0.000000000000000000, 1.000000000000000000, 0.000000000000000000 ) ) ;
#1908 = FACE_OUTER_BOUND ( 'NONE', #2278, .T. ) ;
#1909 = ORIENTED_EDGE ( 'NONE', *, *, #208, .F. ) ;
#1910 = CARTESIAN_POINT ( 'NONE',  ( 48.00000000000000000, 0.000000000000000000, 13.81058194087100155 ) ) ;
#1911 = LINE ( 'NONE', #58, #1471 ) ;
#1912 = VERTEX_POINT ( 'NONE', #735 ) ;
#1913 = EDGE_CURVE ( 'NONE', #1279, #767, #2198, .T. ) ;
#1914 = AXIS2_PLACEMENT_3D ( 'NONE', #1764, #157, #1392 ) ;
#1915 = ORIENTED_EDGE ( 'NONE', *, *, #736, .F. ) ;
#1916 = EDGE_CURVE ( 'NONE', #2220, #767, #1352, .T. ) ;
#1917 = CARTESIAN_POINT ( 'NONE',  ( -48.00000000000000000, 18.00000000000000000, 28.49999999999999645 ) ) ;
#1918 = DIRECTION ( 'NONE',  ( 0.000000000000000000, 0.000000000000000000, 1.000000000000000000 ) ) ;
#1919 = EDGE_CURVE ( 'NONE', #755, #1470, #2000, .T. ) ;
#1920 = AXIS2_PLACEMENT_3D ( 'NONE', #1088, #502, #1233 ) ;
#1921 = DIRECTION ( 'NONE',  ( -0.000000000000000000, 1.000000000000000000, 0.000000000000000000 ) ) ;
#1922 = DIRECTION ( 'NONE',  ( 0.000000000000000000, 1.000000000000000000, 0.000000000000000000 ) ) ;
#1923 = ORIENTED_EDGE ( 'NONE', *, *, #180, .F. ) ;
#1924 = VECTOR ( 'NONE', #75, 1000.000000000000000 ) ;
#1925 = EDGE_CURVE ( 'NONE', #980, #2120, #171, .T. ) ;
#1926 = ORIENTED_EDGE ( 'NONE', *, *, #2128, .F. ) ;
#1927 = EDGE_CURVE ( 'NONE', #798, #1831, #872, .T. ) ;
#1928 = CARTESIAN_POINT ( 'NONE',  ( 61.50000000000000000, 18.00000000000000000, -8.500000000000000000 ) ) ;
#1929 = DIRECTION ( 'NONE',  ( 1.000000000000000000, 0.000000000000000000, 0.000000000000000000 ) ) ;
#1930 = AXIS2_PLACEMENT_3D ( 'NONE', #719, #1449, #1994 ) ;
#1931 = ORIENTED_EDGE ( 'NONE', *, *, #1668, .F. ) ;
#1932 = VECTOR ( 'NONE', #18, 1000.000000000000000 ) ;
#1933 = LINE ( 'NONE', #794, #2208 ) ;
#1934 = LINE ( 'NONE', #654, #1665 ) ;
#1935 = ORIENTED_EDGE ( 'NONE', *, *, #1913, .F. ) ;
#1936 = ORIENTED_EDGE ( 'NONE', *, *, #1, .T. ) ;
#1937 = LINE ( 'NONE', #1201, #1028 ) ;
#1938 = CARTESIAN_POINT ( 'NONE',  ( 4.917307739805139910, 18.00000000000000000, 33.50000000000000000 ) ) ;
#1939 = VECTOR ( 'NONE', #1286, 1000.000000000000000 ) ;
#1940 = CARTESIAN_POINT ( 'NONE',  ( 22.12500000000000355, 5.791666666666670515, 28.49999999999999645 ) ) ;
#1941 = ADVANCED_FACE ( 'NONE', ( #1842 ), #2021, .T. ) ;
#1942 = CARTESIAN_POINT ( 'NONE',  ( 33.37500000000000000, 4.000000000000000000, 31.50000000000000000 ) ) ;
#1943 = EDGE_LOOP ( 'NONE', ( #1016, #1093, #1431, #1782 ) ) ;
#1944 = DIRECTION ( 'NONE',  ( 0.000000000000000000, 0.000000000000000000, 1.000000000000000000 ) ) ;
#1945 = ORIENTED_EDGE ( 'NONE', *, *, #287, .F. ) ;
#1946 = PRESENTATION_STYLE_ASSIGNMENT (( #1563 ) ) ;
#1947 = LINE ( 'NONE', #445, #1023 ) ;
#1948 = ORIENTED_EDGE ( 'NONE', *, *, #1474, .T. ) ;
#1949 = AXIS2_PLACEMENT_3D ( 'NONE', #523, #1446, #2338 ) ;
#1950 = CARTESIAN_POINT ( 'NONE',  ( 44.37500000000000000, 2.875000000000000444, -23.50000000000000000 ) ) ;
#1951 = FACE_OUTER_BOUND ( 'NONE', #428, .T. ) ;
#1952 = EDGE_LOOP ( 'NONE', ( #605, #589, #2117, #1154, #1889, #1025, #1262, #2300 ) ) ;
#1953 = AXIS2_PLACEMENT_3D ( 'NONE', #2081, #255, #2225 ) ;
#1954 = EDGE_CURVE ( 'NONE', #1758, #804, #1239, .T. ) ;
#1955 = DIRECTION ( 'NONE',  ( 0.000000000000000000, 0.000000000000000000, -1.000000000000000000 ) ) ;
#1956 = EDGE_LOOP ( 'NONE', ( #2063, #1559, #1533, #1970 ) ) ;
#1957 = EDGE_LOOP ( 'NONE', ( #457, #303, #1590, #1614 ) ) ;
#1958 = EDGE_CURVE ( 'NONE', #1569, #1806, #1465, .T. ) ;
#1959 = EDGE_CURVE ( 'NONE', #1002, #234, #1259, .T. ) ;
#1960 = DIRECTION ( 'NONE',  ( -1.000000000000000000, 0.000000000000000000, 0.000000000000000000 ) ) ;
#1961 = EDGE_CURVE ( 'NONE', #194, #2054, #1250, .T. ) ;
#1962 = DIRECTION ( 'NONE',  ( -0.000000000000000000, 1.000000000000000000, 0.000000000000000000 ) ) ;
#1963 = EDGE_LOOP ( 'NONE', ( #1819, #687, #809, #248 ) ) ;
#1964 = PLANE ( 'NONE',  #350 ) ;
#1965 = DIRECTION ( 'NONE',  ( 0.000000000000000000, 0.000000000000000000, -1.000000000000000000 ) ) ;
#1966 = CARTESIAN_POINT ( 'NONE',  ( 48.00000000000000000, 18.00000000000000000, 28.49999999999999645 ) ) ;
#1967 = ORIENTED_EDGE ( 'NONE', *, *, #636, .T. ) ;
#1968 = VECTOR ( 'NONE', #1826, 1000.000000000000000 ) ;
#1969 = DIRECTION ( 'NONE',  ( 0.000000000000000000, 1.000000000000000000, 0.000000000000000000 ) ) ;
#1970 = ORIENTED_EDGE ( 'NONE', *, *, #557, .T. ) ;
#1971 = AXIS2_PLACEMENT_3D ( 'NONE', #1870, #230, #1509 ) ;
#1972 = CARTESIAN_POINT ( 'NONE',  ( -48.00000000000000000, 5.000000000000000888, -9.500000000000001776 ) ) ;
#1973 = DIRECTION ( 'NONE',  ( 0.000000000000000000, -1.000000000000000000, 0.000000000000000000 ) ) ;
#1974 = CARTESIAN_POINT ( 'NONE',  ( -48.00000000000000000, 5.000000000000000888, 7.500000000000000000 ) ) ;
#1975 = CARTESIAN_POINT ( 'NONE',  ( 48.00000000000000000, 9.000000000000000000, 5.500000000000000888 ) ) ;
#1976 = CARTESIAN_POINT ( 'NONE',  ( -62.50000000000000000, 5.000000000000000888, -7.500000000000000000 ) ) ;
#1977 = LINE ( 'NONE', #1644, #2114 ) ;
#1978 = VERTEX_POINT ( 'NONE', #1078 ) ;
#1979 = VERTEX_POINT ( 'NONE', #1813 ) ;
#1980 = EDGE_CURVE ( 'NONE', #1569, #1886, #1287, .T. ) ;
#1981 = LINE ( 'NONE', #1797, #108 ) ;
#1982 = FACE_OUTER_BOUND ( 'NONE', #873, .T. ) ;
#1983 = FACE_BOUND ( 'NONE', #1331, .T. ) ;
#1984 = LINE ( 'NONE', #883, #874 ) ;
#1985 = DIRECTION ( 'NONE',  ( 0.000000000000000000, -1.000000000000000000, 0.000000000000000000 ) ) ;
#1986 = VERTEX_POINT ( 'NONE', #334 ) ;
#1987 = ADVANCED_FACE ( 'NONE', ( #701 ), #518, .F. ) ;
#1988 = CARTESIAN_POINT ( 'NONE',  ( 21.50000014156103489, 2.250000000000000444, 2.080310372754190507 ) ) ;
#1989 = VERTEX_POINT ( 'NONE', #1069 ) ;
#1990 = AXIS2_PLACEMENT_3D ( 'NONE', #892, #1641, #2348 ) ;
#1991 = DIRECTION ( 'NONE',  ( 1.000000000000000000, 0.000000000000000000, 0.000000000000000000 ) ) ;
#1992 = PLANE ( 'NONE',  #1253 ) ;
#1993 = APPLICATION_PROTOCOL_DEFINITION ( 'draft international standard', 'automotive_design', 1998, #2065 ) ;
#1994 = DIRECTION ( 'NONE',  ( 1.000000000000000000, 0.000000000000000000, 0.000000000000000000 ) ) ;
#1995 = FACE_BOUND ( 'NONE', #558, .T. ) ;
#1996 = CARTESIAN_POINT ( 'NONE',  ( 33.37500000000000000, 5.750000000000000888, 30.00000000000000000 ) ) ;
#1997 = ORIENTED_EDGE ( 'NONE', *, *, #1356, .T. ) ;
#1998 = VECTOR ( 'NONE', #713, 1000.000000000000000 ) ;
#1999 = ORIENTED_EDGE ( 'NONE', *, *, #1301, .T. ) ;
#2000 = CIRCLE ( 'NONE', #932, 2.250000357263550299 ) ;
#2001 = EDGE_LOOP ( 'NONE', ( #47, #206, #972, #925 ) ) ;
#2002 = VECTOR ( 'NONE', #1350, 1000.000000000000000 ) ;
#2003 = CARTESIAN_POINT ( 'NONE',  ( 49.00000000000000000, 18.00000000000000000, -9.500000000000001776 ) ) ;
#2004 = VECTOR ( 'NONE', #1903, 1000.000000000000000 ) ;
#2005 = CARTESIAN_POINT ( 'NONE',  ( -55.00000000000000711, 5.000000000000000888, 1.250000352296490203 ) ) ;
#2006 = DIRECTION ( 'NONE',  ( 0.000000000000000000, 0.000000000000000000, 1.000000000000000000 ) ) ;
#2007 = DIRECTION ( 'NONE',  ( 0.000000000000000000, 0.000000000000000000, -1.000000000000000000 ) ) ;
#2008 = VERTEX_POINT ( 'NONE', #1802 ) ;
#2009 = EDGE_CURVE ( 'NONE', #1153, #2014, #1633, .T. ) ;
#2010 = DIRECTION ( 'NONE',  ( -0.000000000000000000, 1.000000000000000000, 0.000000000000000000 ) ) ;
#2011 = FACE_OUTER_BOUND ( 'NONE', #1697, .T. ) ;
#2012 = ORIENTED_EDGE ( 'NONE', *, *, #933, .T. ) ;
#2013 =( GEOMETRIC_REPRESENTATION_CONTEXT ( 3 ) GLOBAL_UNCERTAINTY_ASSIGNED_CONTEXT ( ( #792 ) ) GLOBAL_UNIT_ASSIGNED_CONTEXT ( ( #131, #914, #2158 ) ) REPRESENTATION_CONTEXT ( 'NONE', 'WORKASPACE' ) );
#2014 = VERTEX_POINT ( 'NONE', #722 ) ;
#2015 = ORIENTED_EDGE ( 'NONE', *, *, #387, .F. ) ;
#2016 = EDGE_CURVE ( 'NONE', #588, #1979, #1451, .T. ) ;
#2017 = CARTESIAN_POINT ( 'NONE',  ( -11.49999976158140136, 5.000000000000000888, 31.00000000000000000 ) ) ;
#2018 = PLANE ( 'NONE',  #107 ) ;
#2019 = DIRECTION ( 'NONE',  ( 0.000000000000000000, 1.000000000000000000, 0.000000000000000000 ) ) ;
#2020 = DIRECTION ( 'NONE',  ( 0.000000000000000000, 0.000000000000000000, -1.000000000000000000 ) ) ;
#2021 = PLANE ( 'NONE',  #538 ) ;
#2022 = DIRECTION ( 'NONE',  ( 0.000000000000000000, 0.000000000000000000, 1.000000000000000000 ) ) ;
#2023 = DIRECTION ( 'NONE',  ( 1.000000000000000000, 0.000000000000000000, 0.000000000000000000 ) ) ;
#2024 = ORIENTED_EDGE ( 'NONE', *, *, #267, .T. ) ;
#2025 = ORIENTED_EDGE ( 'NONE', *, *, #665, .T. ) ;
#2026 = VERTEX_POINT ( 'NONE', #215 ) ;
#2027 = VECTOR ( 'NONE', #1145, 1000.000000000000000 ) ;
#2028 = EDGE_CURVE ( 'NONE', #126, #252, #1494, .T. ) ;
#2029 = ADVANCED_FACE ( 'NONE', ( #1672 ), #2215, .T. ) ;
#2030 = PLANE ( 'NONE',  #1694 ) ;
#2031 = DIRECTION ( 'NONE',  ( 0.000000000000000000, 1.000000000000000000, 0.000000000000000000 ) ) ;
#2032 = DIRECTION ( 'NONE',  ( -0.000000000000000000, 1.000000000000000000, 0.000000000000000000 ) ) ;
#2033 = LINE ( 'NONE', #550, #663 ) ;
#2034 = AXIS2_PLACEMENT_3D ( 'NONE', #1891, #1396, #1229 ) ;
#2035 = CARTESIAN_POINT ( 'NONE',  ( 43.00000000000000000, 12.00000000000000000, 24.00000000000000000 ) ) ;
#2036 = EDGE_CURVE ( 'NONE', #2014, #637, #935, .T. ) ;
#2037 = CARTESIAN_POINT ( 'NONE',  ( 48.00000000000000000, 18.00000000000000000, 4.173654845127689583 ) ) ;
#2038 = CARTESIAN_POINT ( 'NONE',  ( -1.499999858438964218, 15.25000000000000000, 33.50000000000000000 ) ) ;
#2039 = CYLINDRICAL_SURFACE ( 'NONE', #254, 1.000000000000000888 ) ;
#2040 = CARTESIAN_POINT ( 'NONE',  ( 36.00000000000000000, 13.00000000000000178, -11.66666666666669983 ) ) ;
#2041 = VERTEX_POINT ( 'NONE', #1869 ) ;
#2042 = EDGE_LOOP ( 'NONE', ( #1722, #1829, #1726, #2254 ) ) ;
#2043 = ORIENTED_EDGE ( 'NONE', *, *, #1847, .T. ) ;
#2044 = LINE ( 'NONE', #1666, #2309 ) ;
#2045 = CARTESIAN_POINT ( 'NONE',  ( -33.37500000000000000, 4.000000000000000000, 28.49999999999999645 ) ) ;
#2046 = PLANE ( 'NONE',  #38 ) ;
#2047 = CARTESIAN_POINT ( 'NONE',  ( 34.00000000000000000, 9.500000000000001776, 28.49999999999999645 ) ) ;
#2048 = DIRECTION ( 'NONE',  ( 0.000000000000000000, 0.000000000000000000, -1.000000000000000000 ) ) ;
#2049 = DIRECTION ( 'NONE',  ( -1.000000000000000000, 0.000000000000000000, 0.000000000000000000 ) ) ;
#2050 = DIRECTION ( 'NONE',  ( -1.000000000000000000, 0.000000000000000000, 0.000000000000000000 ) ) ;
#2051 = LINE ( 'NONE', #1687, #1073 ) ;
#2052 = VERTEX_POINT ( 'NONE', #1658 ) ;
#2053 = ORIENTED_EDGE ( 'NONE', *, *, #910, .F. ) ;
#2054 = VERTEX_POINT ( 'NONE', #945 ) ;
#2055 = LINE ( 'NONE', #1865, #1570 ) ;
#2056 = VERTEX_POINT ( 'NONE', #583 ) ;
#2057 = CARTESIAN_POINT ( 'NONE',  ( -15.00000000000000000, 5.000000000000000888, 31.00000000000000000 ) ) ;
#2058 = DIRECTION ( 'NONE',  ( 0.000000000000000000, 0.000000000000000000, -1.000000000000000000 ) ) ;
#2059 = ORIENTED_EDGE ( 'NONE', *, *, #1703, .F. ) ;
#2060 = DIRECTION ( 'NONE',  ( -1.000000000000000000, 0.000000000000000000, 0.000000000000000000 ) ) ;
#2061 = CARTESIAN_POINT ( 'NONE',  ( -48.00000000000000000, 0.000000000000000000, 10.81058194087099977 ) ) ;
#2062 = ORIENTED_EDGE ( 'NONE', *, *, #647, .T. ) ;
#2063 = ORIENTED_EDGE ( 'NONE', *, *, #1562, .T. ) ;
#2064 = EDGE_LOOP ( 'NONE', ( #1605, #2308, #61, #274 ) ) ;
#2065 = APPLICATION_CONTEXT ( 'automotive_design' ) ;
#2066 = CARTESIAN_POINT ( 'NONE',  ( -1.499999858438964218, 2.250000000000000444, 2.080310372754190507 ) ) ;
#2067 = ORIENTED_EDGE ( 'NONE', *, *, #2285, .F. ) ;
#2068 = VECTOR ( 'NONE', #562, 1000.000000000000000 ) ;
#2069 = LINE ( 'NONE', #1390, #345 ) ;
#2070 = CARTESIAN_POINT ( 'NONE',  ( -36.00000000000000000, 9.800000000000000711, -28.49999999999999645 ) ) ;
#2071 = VECTOR ( 'NONE', #277, 1000.000000000000000 ) ;
#2072 = VERTEX_POINT ( 'NONE', #30 ) ;
#2073 = LINE ( 'NONE', #1012, #1054 ) ;
#2074 = CARTESIAN_POINT ( 'NONE',  ( 62.50000000000000000, 18.00000000000000000, -7.500000000000000000 ) ) ;
#2075 = VERTEX_POINT ( 'NONE', #566 ) ;
#2076 = VECTOR ( 'NONE', #1428, 1000.000000000000000 ) ;
#2077 = VERTEX_POINT ( 'NONE', #1479 ) ;
#2078 = VERTEX_POINT ( 'NONE', #1135 ) ;
#2079 = LINE ( 'NONE', #810, #2227 ) ;
#2080 = VECTOR ( 'NONE', #2149, 1000.000000000000000 ) ;
#2081 = CARTESIAN_POINT ( 'NONE',  ( -55.00000000000000711, 18.00000000000000000, -1.000000004967060097 ) ) ;
#2082 = PLANE ( 'NONE',  #253 ) ;
#2083 = ORIENTED_EDGE ( 'NONE', *, *, #1417, .T. ) ;
#2084 = AXIS2_PLACEMENT_3D ( 'NONE', #2070, #580, #761 ) ;
#2085 = FACE_OUTER_BOUND ( 'NONE', #2248, .T. ) ;
#2086 = DIRECTION ( 'NONE',  ( 0.000000000000000000, 0.000000000000000000, -1.000000000000000000 ) ) ;
#2087 = ORIENTED_EDGE ( 'NONE', *, *, #1980, .T. ) ;
#2088 = EDGE_CURVE ( 'NONE', #2026, #2075, #1685, .T. ) ;
#2089 = VERTEX_POINT ( 'NONE', #763 ) ;
#2090 = AXIS2_PLACEMENT_3D ( 'NONE', #1163, #626, #419 ) ;
#2091 = CARTESIAN_POINT ( 'NONE',  ( -44.37500000000000000, 15.12500000000000000, -28.49999999999999645 ) ) ;
#2092 = CARTESIAN_POINT ( 'NONE',  ( 48.00000000000000000, 5.000000000000000888, 7.500000000000000000 ) ) ;
#2093 = ORIENTED_EDGE ( 'NONE', *, *, #2206, .T. ) ;
#2094 = EDGE_CURVE ( 'NONE', #1147, #1572, #956, .T. ) ;
#2095 = VECTOR ( 'NONE', #2096, 1000.000000000000000 ) ;
#2096 = DIRECTION ( 'NONE',  ( 1.000000000000000000, 0.000000000000000000, 0.000000000000000000 ) ) ;
#2097 = DIRECTION ( 'NONE',  ( 0.000000000000000000, 1.000000000000000000, 0.000000000000000000 ) ) ;
#2098 = ORIENTED_EDGE ( 'NONE', *, *, #822, .T. ) ;
#2099 = EDGE_CURVE ( 'NONE', #106, #790, #44, .T. ) ;
#2100 = VECTOR ( 'NONE', #2020, 1000.000000000000000 ) ;
#2101 = ORIENTED_EDGE ( 'NONE', *, *, #1927, .T. ) ;
#2102 = EDGE_CURVE ( 'NONE', #1769, #1430, #1508, .T. ) ;
#2103 = PLANE ( 'NONE',  #1881 ) ;
#2104 = CARTESIAN_POINT ( 'NONE',  ( -62.50000000000000000, 18.00000000000000000, -7.500000000000000000 ) ) ;
#2105 = ORIENTED_EDGE ( 'NONE', *, *, #397, .F. ) ;
#2106 = STYLED_ITEM ( 'NONE', ( #1946 ), #1560 ) ;
#2107 = ADVANCED_FACE ( 'NONE', ( #1121 ), #231, .F. ) ;
#2108 = DIRECTION ( 'NONE',  ( 1.000000000000000000, 0.000000000000000000, 0.000000000000000000 ) ) ;
#2109 = DIRECTION ( 'NONE',  ( 0.000000000000000000, 1.000000000000000000, 6.728240443654459311E-18 ) ) ;
#2110 = EDGE_LOOP ( 'NONE', ( #559, #964, #1561, #122 ) ) ;
#2111 = EDGE_LOOP ( 'NONE', ( #1663, #1597, #977, #723, #1240, #114 ) ) ;
#2112 = CARTESIAN_POINT ( 'NONE',  ( 49.00000000000000000, 5.000000000000000888, 7.500000000000000000 ) ) ;
#2113 = DIRECTION ( 'NONE',  ( 1.000000000000000000, 0.000000000000000000, 0.000000000000000000 ) ) ;
#2114 = VECTOR ( 'NONE', #1273, 1000.000000000000000 ) ;
#2115 = DIRECTION ( 'NONE',  ( 0.000000000000000000, -1.000000000000000000, 0.000000000000000000 ) ) ;
#2116 = CARTESIAN_POINT ( 'NONE',  ( 62.50000000000000000, 11.50000000000000178, -1.000000000000000000 ) ) ;
#2117 = ORIENTED_EDGE ( 'NONE', *, *, #2303, .T. ) ;
#2118 = AXIS2_PLACEMENT_3D ( 'NONE', #1467, #1857, #555 ) ;
#2119 = DIRECTION ( 'NONE',  ( 0.000000000000000000, 1.000000000000000000, 0.000000000000000000 ) ) ;
#2120 = VERTEX_POINT ( 'NONE', #395 ) ;
#2121 = FACE_OUTER_BOUND ( 'NONE', #2001, .T. ) ;
#2122 = CARTESIAN_POINT ( 'NONE',  ( 9.792307692307691269, 18.00000000000000000, -22.00000000000000355 ) ) ;
#2123 = EDGE_CURVE ( 'NONE', #1586, #991, #817, .T. ) ;
#2124 = VECTOR ( 'NONE', #2282, 1000.000000000000000 ) ;
#2125 = DIRECTION ( 'NONE',  ( 0.000000000000000000, 0.000000000000000000, 1.000000000000000000 ) ) ;
#2126 = CYLINDRICAL_SURFACE ( 'NONE', #1364, 1.000000000000000888 ) ;
#2127 = ORIENTED_EDGE ( 'NONE', *, *, #1707, .F. ) ;
#2128 = EDGE_CURVE ( 'NONE', #252, #1979, #1715, .T. ) ;
#2129 = EDGE_CURVE ( 'NONE', #1897, #2220, #2051, .T. ) ;
#2130 = LINE ( 'NONE', #324, #195 ) ;
#2131 = ORIENTED_EDGE ( 'NONE', *, *, #933, .F. ) ;
#2132 = EDGE_CURVE ( 'NONE', #529, #1637, #249, .T. ) ;
#2133 = CARTESIAN_POINT ( 'NONE',  ( -2.666666515792410319, 11.00000000000000178, 28.49999999999999645 ) ) ;
#2134 = LINE ( 'NONE', #2349, #1441 ) ;
#2135 = ORIENTED_EDGE ( 'NONE', *, *, #1096, .F. ) ;
#2136 = LINE ( 'NONE', #2328, #1385 ) ;
#2137 = CARTESIAN_POINT ( 'NONE',  ( 21.50000014156103489, 2.250000000000000444, 28.49999999999999645 ) ) ;
#2138 = CARTESIAN_POINT ( 'NONE',  ( 14.33333335692680066, 13.00000000000000178, -22.00000000000000355 ) ) ;
#2139 = VERTEX_POINT ( 'NONE', #259 ) ;
#2140 = FACE_BOUND ( 'NONE', #1762, .T. ) ;
#2141 = EDGE_LOOP ( 'NONE', ( #1484, #247, #1021, #1070 ) ) ;
#2142 = AXIS2_PLACEMENT_3D ( 'NONE', #849, #1944, #2301 ) ;
#2143 = LINE ( 'NONE', #911, #995 ) ;
#2144 = LINE ( 'NONE', #1628, #1144 ) ;
#2145 = ORIENTED_EDGE ( 'NONE', *, *, #915, .F. ) ;
#2146 = DIRECTION ( 'NONE',  ( 1.000000000000000000, 0.000000000000000000, 0.000000000000000000 ) ) ;
#2147 = PLANE ( 'NONE',  #48 ) ;
#2148 = CARTESIAN_POINT ( 'NONE',  ( 27.75000000000000355, 4.000000000000000000, 30.00000000000000000 ) ) ;
#2149 = DIRECTION ( 'NONE',  ( 0.000000000000000000, 1.000000000000000000, 0.000000000000000000 ) ) ;
#2150 = ORIENTED_EDGE ( 'NONE', *, *, #2102, .T. ) ;
#2151 = ADVANCED_FACE ( 'NONE', ( #2245 ), #2256, .F. ) ;
#2152 = CARTESIAN_POINT ( 'NONE',  ( 46.62500000000000000, 9.000000000000000000, -23.50000000000000000 ) ) ;
#2153 = ORIENTED_EDGE ( 'NONE', *, *, #1783, .T. ) ;
#2154 = EDGE_CURVE ( 'NONE', #1046, #371, #354, .T. ) ;
#2155 = CARTESIAN_POINT ( 'NONE',  ( -49.00000000000000000, 18.00000000000000000, 6.500000000000000888 ) ) ;
#2156 = DIRECTION ( 'NONE',  ( 0.000000000000000000, -1.000000000000000000, 0.000000000000000000 ) ) ;
#2157 = EDGE_CURVE ( 'NONE', #1747, #2355, #408, .T. ) ;
#2158 =( NAMED_UNIT ( * ) SI_UNIT ( $, .STERADIAN. ) SOLID_ANGLE_UNIT ( ) );
#2159 = FACE_OUTER_BOUND ( 'NONE', #204, .T. ) ;
#2160 = LINE ( 'NONE', #1238, #1482 ) ;
#2161 = DIRECTION ( 'NONE',  ( 1.000000000000000000, 0.000000000000000000, 0.000000000000000000 ) ) ;
#2162 = ORIENTED_EDGE ( 'NONE', *, *, #1087, .T. ) ;
#2163 = VECTOR ( 'NONE', #1137, 1000.000000000000000 ) ;
#2164 = ORIENTED_EDGE ( 'NONE', *, *, #251, .T. ) ;
#2165 = EDGE_CURVE ( 'NONE', #1989, #1986, #1901, .T. ) ;
#2166 = CARTESIAN_POINT ( 'NONE',  ( -1.499999858438964218, 2.250000000000000444, 28.49999999999999645 ) ) ;
#2167 = DIRECTION ( 'NONE',  ( 0.000000000000000000, 0.000000000000000000, -1.000000000000000000 ) ) ;
#2168 = DIRECTION ( 'NONE',  ( 0.000000000000000000, -1.000000000000000000, 0.000000000000000000 ) ) ;
#2169 = DIRECTION ( 'NONE',  ( 1.000000000000000000, 0.000000000000000000, 0.000000000000000000 ) ) ;
#2170 = DIRECTION ( 'NONE',  ( 0.000000000000000000, -1.000000000000000000, -6.728240443654459311E-18 ) ) ;
#2171 = ORIENTED_EDGE ( 'NONE', *, *, #505, .T. ) ;
#2172 = VECTOR ( 'NONE', #165, 1000.000000000000000 ) ;
#2173 = CARTESIAN_POINT ( 'NONE',  ( 43.00000000000000000, 9.500000000000001776, 23.58333333333330373 ) ) ;
#2174 = ORIENTED_EDGE ( 'NONE', *, *, #815, .F. ) ;
#2175 = VECTOR ( 'NONE', #786, 1000.000000000000000 ) ;
#2176 = AXIS2_PLACEMENT_3D ( 'NONE', #2003, #1773, #1960 ) ;
#2177 = VERTEX_POINT ( 'NONE', #1354 ) ;
#2178 = PLANE ( 'NONE',  #276 ) ;
#2179 = DIRECTION ( 'NONE',  ( 1.000000000000000000, 0.000000000000000000, 0.000000000000000000 ) ) ;
#2180 = EDGE_CURVE ( 'NONE', #1861, #1572, #2232, .T. ) ;
#2181 = AXIS2_PLACEMENT_3D ( 'NONE', #1174, #1921, #1341 ) ;
#2182 = LINE ( 'NONE', #1271, #1413 ) ;
#2183 = CARTESIAN_POINT ( 'NONE',  ( 48.00000000000000000, 2.000000000000000000, 24.00000000000000000 ) ) ;
#2184 = EDGE_LOOP ( 'NONE', ( #1335, #2189, #2251, #814 ) ) ;
#2185 = ADVANCED_FACE ( 'NONE', ( #613 ), #1511, .T. ) ;
#2186 = DIRECTION ( 'NONE',  ( 1.000000000000000000, 0.000000000000000000, 0.000000000000000000 ) ) ;
#2187 = VERTEX_POINT ( 'NONE', #2218 ) ;
#2188 = VECTOR ( 'NONE', #1437, 1000.000000000000000 ) ;
#2189 = ORIENTED_EDGE ( 'NONE', *, *, #815, .T. ) ;
#2190 = EDGE_LOOP ( 'NONE', ( #160, #1766, #368, #635 ) ) ;
#2191 = VECTOR ( 'NONE', #452, 1000.000000000000000 ) ;
#2192 = DIRECTION ( 'NONE',  ( 0.000000000000000000, 1.000000000000000000, 0.000000000000000000 ) ) ;
#2193 = AXIS2_PLACEMENT_3D ( 'NONE', #6, #936, #922 ) ;
#2194 = CARTESIAN_POINT ( 'NONE',  ( -22.12500000000000355, 4.875000000000000888, 31.50000000000000000 ) ) ;
#2195 = DIRECTION ( 'NONE',  ( -1.000000000000000000, 0.000000000000000000, 0.000000000000000000 ) ) ;
#2196 = EDGE_CURVE ( 'NONE', #328, #1525, #2270, .T. ) ;
#2197 = FACE_BOUND ( 'NONE', #1319, .T. ) ;
#2198 = LINE ( 'NONE', #1419, #1039 ) ;
#2199 = CARTESIAN_POINT ( 'NONE',  ( -48.00000000000000000, 18.00000000000000000, 7.500000000000000000 ) ) ;
#2200 = ADVANCED_FACE ( 'NONE', ( #1124 ), #1858, .T. ) ;
#2201 = VERTEX_POINT ( 'NONE', #1150 ) ;
#2202 = EDGE_CURVE ( 'NONE', #178, #68, #1318, .T. ) ;
#2203 = EDGE_CURVE ( 'NONE', #1164, #1989, #1674, .T. ) ;
#2204 = ORIENTED_EDGE ( 'NONE', *, *, #1104, .F. ) ;
#2205 = ORIENTED_EDGE ( 'NONE', *, *, #1961, .T. ) ;
#2206 = EDGE_CURVE ( 'NONE', #10, #431, #1701, .T. ) ;
#2207 = EDGE_CURVE ( 'NONE', #431, #1452, #1911, .T. ) ;
#2208 = VECTOR ( 'NONE', #1523, 1000.000000000000000 ) ;
#2209 = CARTESIAN_POINT ( 'NONE',  ( -43.00000000000000000, 13.00000000000000178, 28.49999999999999645 ) ) ;
#2210 = DIRECTION ( 'NONE',  ( 4.566929878185590008E-28, -1.000000000000000000, -6.728240443654459311E-18 ) ) ;
#2211 = DIRECTION ( 'NONE',  ( 0.000000000000000000, 1.000000000000000000, 6.728240443654459311E-18 ) ) ;
#2212 = VECTOR ( 'NONE', #2125, 1000.000000000000000 ) ;
#2213 = CARTESIAN_POINT ( 'NONE',  ( -61.50000000000000000, 5.000000000000000888, -7.500000000000000000 ) ) ;
#2214 = CARTESIAN_POINT ( 'NONE',  ( 61.50000000000000000, 5.000000000000000888, 5.500000000000000888 ) ) ;
#2215 = PLANE ( 'NONE',  #1617 ) ;
#2216 = LINE ( 'NONE', #1122, #1072 ) ;
#2217 = DIRECTION ( 'NONE',  ( -1.000000000000000000, 0.000000000000000000, -0.000000000000000000 ) ) ;
#2218 = CARTESIAN_POINT ( 'NONE',  ( 55.00000000000000711, 5.000000000000000888, 1.250000352296490203 ) ) ;
#2219 = ORIENTED_EDGE ( 'NONE', *, *, #1405, .F. ) ;
#2220 = VERTEX_POINT ( 'NONE', #2074 ) ;
#2221 = VERTEX_POINT ( 'NONE', #1568 ) ;
#2222 = AXIS2_PLACEMENT_3D ( 'NONE', #1531, #2211, #1313 ) ;
#2223 = CARTESIAN_POINT ( 'NONE',  ( 43.00000000000000000, 0.000000000000000000, 28.49999999999999645 ) ) ;
#2224 = CARTESIAN_POINT ( 'NONE',  ( -62.50000000000000000, 18.00000000000000000, 0.9236548451276929139 ) ) ;
#2225 = DIRECTION ( 'NONE',  ( 0.000000000000000000, 0.000000000000000000, 1.000000000000000000 ) ) ;
#2226 = DIRECTION ( 'NONE',  ( -0.000000000000000000, -1.000000000000000000, -0.000000000000000000 ) ) ;
#2227 = VECTOR ( 'NONE', #1706, 1000.000000000000000 ) ;
#2228 = DIRECTION ( 'NONE',  ( 1.000000000000000000, 0.000000000000000000, 0.000000000000000000 ) ) ;
#2229 = DIRECTION ( 'NONE',  ( 0.000000000000000000, -1.000000000000000000, 0.000000000000000000 ) ) ;
#2230 = EDGE_CURVE ( 'NONE', #1394, #1750, #1934, .T. ) ;
#2231 = LINE ( 'NONE', #1828, #163 ) ;
#2232 = LINE ( 'NONE', #587, #1207 ) ;
#2233 = VERTEX_POINT ( 'NONE', #495 ) ;
#2234 = ORIENTED_EDGE ( 'NONE', *, *, #859, .T. ) ;
#2235 = ORIENTED_EDGE ( 'NONE', *, *, #82, .T. ) ;
#2236 = AXIS2_PLACEMENT_3D ( 'NONE', #217, #993, #806 ) ;
#2237 = DIRECTION ( 'NONE',  ( 0.000000000000000000, 1.000000000000000000, 0.000000000000000000 ) ) ;
#2238 = ORIENTED_EDGE ( 'NONE', *, *, #34, .T. ) ;
#2239 = EDGE_CURVE ( 'NONE', #2052, #991, #1227, .T. ) ;
#2240 = DIRECTION ( 'NONE',  ( 0.000000000000000000, -1.000000000000000000, 0.000000000000000000 ) ) ;
#2241 = CARTESIAN_POINT ( 'NONE',  ( 22.12500000000000355, 4.875000000000000888, 31.50000000000000000 ) ) ;
#2242 = ORIENTED_EDGE ( 'NONE', *, *, #2239, .F. ) ;
#2243 = DIRECTION ( 'NONE',  ( 0.000000000000000000, 1.000000000000000000, 0.000000000000000000 ) ) ;
#2244 = LINE ( 'NONE', #599, #2280 ) ;
#2245 = FACE_OUTER_BOUND ( 'NONE', #1127, .T. ) ;
#2246 = ORIENTED_EDGE ( 'NONE', *, *, #2099, .T. ) ;
#2247 = ORIENTED_EDGE ( 'NONE', *, *, #895, .T. ) ;
#2248 = EDGE_LOOP ( 'NONE', ( #1112, #1086, #1794, #1384 ) ) ;
#2249 = AXIS2_PLACEMENT_3D ( 'NONE', #2214, #1108, #1133 ) ;
#2250 = CARTESIAN_POINT ( 'NONE',  ( 0.000000000000000000, 0.000000000000000000, 22.12116388174199955 ) ) ;
#2251 = ORIENTED_EDGE ( 'NONE', *, *, #1203, .T. ) ;
#2252 = CARTESIAN_POINT ( 'NONE',  ( 36.00000000000000000, 13.00000000000000178, -22.00000000000000355 ) ) ;
#2253 = DIRECTION ( 'NONE',  ( 1.000000000000000000, 0.000000000000000000, 0.000000000000000000 ) ) ;
#2254 = ORIENTED_EDGE ( 'NONE', *, *, #179, .F. ) ;
#2255 = LINE ( 'NONE', #612, #1888 ) ;
#2256 = PLANE ( 'NONE',  #1386 ) ;
#2257 = ORIENTED_EDGE ( 'NONE', *, *, #1919, .T. ) ;
#2258 = CARTESIAN_POINT ( 'NONE',  ( 27.75000000000000355, 4.000000000000000000, 31.50000000000000000 ) ) ;
#2259 = VERTEX_POINT ( 'NONE', #1558 ) ;
#2260 = VECTOR ( 'NONE', #1929, 1000.000000000000000 ) ;
#2261 = CARTESIAN_POINT ( 'NONE',  ( 55.00000000000000711, 5.000000000000000888, 1.250000352296490203 ) ) ;
#2262 = ORIENTED_EDGE ( 'NONE', *, *, #443, .T. ) ;
#2263 = VECTOR ( 'NONE', #198, 1000.000000000000000 ) ;
#2264 = DIRECTION ( 'NONE',  ( 0.000000000000000000, 1.000000000000000000, 0.000000000000000000 ) ) ;
#2265 = DIRECTION ( 'NONE',  ( 1.000000000000000000, 0.000000000000000000, 0.000000000000000000 ) ) ;
#2266 = ORIENTED_EDGE ( 'NONE', *, *, #611, .T. ) ;
#2267 = EDGE_CURVE ( 'NONE', #252, #1912, #1549, .T. ) ;
#2268 = VECTOR ( 'NONE', #489, 1000.000000000000000 ) ;
#2269 = CARTESIAN_POINT ( 'NONE',  ( 2.000000000000000000, 12.65000000000000213, -28.49999999999999645 ) ) ;
#2270 = LINE ( 'NONE', #2040, #552 ) ;
#2271 = VERTEX_POINT ( 'NONE', #1966 ) ;
#2272 = EDGE_CURVE ( 'NONE', #235, #2271, #169, .T. ) ;
#2273 = VERTEX_POINT ( 'NONE', #1942 ) ;
#2274 = EDGE_CURVE ( 'NONE', #1525, #618, #300, .T. ) ;
#2275 = VECTOR ( 'NONE', #355, 1000.000000000000000 ) ;
#2276 = CARTESIAN_POINT ( 'NONE',  ( 48.00000000000000000, 0.000000000000000000, 28.49999999999999645 ) ) ;
#2277 = CARTESIAN_POINT ( 'NONE',  ( 34.00000000000000000, 7.249999999999999112, 31.00000000000000000 ) ) ;
#2278 = EDGE_LOOP ( 'NONE', ( #520, #1776, #459, #1827 ) ) ;
#2279 = ADVANCED_FACE ( 'NONE', ( #282 ), #1020, .F. ) ;
#2280 = VECTOR ( 'NONE', #242, 1000.000000000000000 ) ;
#2281 = CARTESIAN_POINT ( 'NONE',  ( 55.25000000000000000, 11.50000000000000178, -8.500000000000000000 ) ) ;
#2282 = DIRECTION ( 'NONE',  ( -1.000000000000000000, 0.000000000000000000, 0.000000000000000000 ) ) ;
#2283 = ORIENTED_EDGE ( 'NONE', *, *, #1307, .F. ) ;
#2284 = ORIENTED_EDGE ( 'NONE', *, *, #1892, .F. ) ;
#2285 = EDGE_CURVE ( 'NONE', #1716, #1806, #320, .T. ) ;
#2286 = EDGE_CURVE ( 'NONE', #2078, #532, #846, .T. ) ;
#2287 = VECTOR ( 'NONE', #92, 1000.000000000000000 ) ;
#2288 = CARTESIAN_POINT ( 'NONE',  ( -55.25000000000000000, 11.50000000000000178, 6.500000000000000888 ) ) ;
#2289 = LINE ( 'NONE', #288, #975 ) ;
#2290 = VERTEX_POINT ( 'NONE', #2299 ) ;
#2291 = DIRECTION ( 'NONE',  ( 0.000000000000000000, 0.000000000000000000, 1.000000000000000000 ) ) ;
#2292 = LINE ( 'NONE', #634, #1134 ) ;
#2293 = ORIENTED_EDGE ( 'NONE', *, *, #2272, .T. ) ;
#2294 = ORIENTED_EDGE ( 'NONE', *, *, #1630, .T. ) ;
#2295 = CARTESIAN_POINT ( 'NONE',  ( -43.00000000000000000, 0.000000000000000000, 28.49999999999999645 ) ) ;
#2296 = DIRECTION ( 'NONE',  ( 0.000000000000000000, 1.000000000000000000, 0.000000000000000000 ) ) ;
#2297 = VECTOR ( 'NONE', #164, 1000.000000000000000 ) ;
#2298 = DIRECTION ( 'NONE',  ( 0.000000000000000000, 0.000000000000000000, 1.000000000000000000 ) ) ;
#2299 = CARTESIAN_POINT ( 'NONE',  ( 62.50000000000000000, 18.00000000000000000, 5.500000000000000888 ) ) ;
#2300 = ORIENTED_EDGE ( 'NONE', *, *, #1892, .T. ) ;
#2301 = DIRECTION ( 'NONE',  ( 1.000000000000000000, 0.000000000000000000, 0.000000000000000000 ) ) ;
#2302 = ORIENTED_EDGE ( 'NONE', *, *, #176, .F. ) ;
#2303 = EDGE_CURVE ( 'NONE', #1046, #93, #2292, .T. ) ;
#2304 =( NAMED_UNIT ( * ) PLANE_ANGLE_UNIT ( ) SI_UNIT ( $, .RADIAN. ) );
#2305 = EDGE_CURVE ( 'NONE', #1648, #1224, #101, .T. ) ;
#2306 = CARTESIAN_POINT ( 'NONE',  ( -49.00000000000000000, 5.000000000000000888, -8.500000000000000000 ) ) ;
#2307 = AXIS2_PLACEMENT_3D ( 'NONE', #1261, #921, #2022 ) ;
#2308 = ORIENTED_EDGE ( 'NONE', *, *, #148, .T. ) ;
#2309 = VECTOR ( 'NONE', #209, 1000.000000000000000 ) ;
#2310 = PLANE ( 'NONE',  #1179 ) ;
#2311 = PLANE ( 'NONE',  #1818 ) ;
#2312 = ORIENTED_EDGE ( 'NONE', *, *, #422, .T. ) ;
#2313 = ADVANCED_FACE ( 'NONE', ( #1951 ), #1045, .F. ) ;
#2314 = VECTOR ( 'NONE', #803, 1000.000000000000000 ) ;
#2315 = DIRECTION ( 'NONE',  ( 0.000000000000000000, 0.000000000000000000, 1.000000000000000000 ) ) ;
#2316 = EDGE_LOOP ( 'NONE', ( #652, #289, #1243, #1915, #1292, #923, #781, #11 ) ) ;
#2317 = CARTESIAN_POINT ( 'NONE',  ( 48.00000000000000000, 12.00000000000000000, 11.00000000000000355 ) ) ;
#2318 = DIRECTION ( 'NONE',  ( -1.000000000000000000, 0.000000000000000000, 0.000000000000000000 ) ) ;
#2319 = ORIENTED_EDGE ( 'NONE', *, *, #2180, .T. ) ;
#2320 = DIRECTION ( 'NONE',  ( -0.000000000000000000, 1.000000000000000000, 0.000000000000000000 ) ) ;
#2321 = CARTESIAN_POINT ( 'NONE',  ( -1.499999858438964218, 2.250000000000000444, 33.50000000000000000 ) ) ;
#2322 = VERTEX_POINT ( 'NONE', #645 ) ;
#2323 = CARTESIAN_POINT ( 'NONE',  ( 49.00000000000000000, 18.00000000000000000, 7.500000000000000000 ) ) ;
#2324 = ORIENTED_EDGE ( 'NONE', *, *, #384, .T. ) ;
#2325 = CARTESIAN_POINT ( 'NONE',  ( 4.625000047497450417, 0.000000000000000000, 33.50000000000000000 ) ) ;
#2326 = CARTESIAN_POINT ( 'NONE',  ( -62.50000000000000000, 11.50000000000000178, -1.000000000000000000 ) ) ;
#2327 = ORIENTED_EDGE ( 'NONE', *, *, #2129, .T. ) ;
#2328 = CARTESIAN_POINT ( 'NONE',  ( -22.12500000000000355, 5.791666666666670515, 28.49999999999999645 ) ) ;
#2329 = CARTESIAN_POINT ( 'NONE',  ( -33.37500000000000000, 5.750000000000000888, 31.50000000000000000 ) ) ;
#2330 = ORIENTED_EDGE ( 'NONE', *, *, #582, .T. ) ;
#2331 = CIRCLE ( 'NONE', #880, 1.000000000000000888 ) ;
#2332 = ADVANCED_FACE ( 'NONE', ( #1735 ), #2126, .F. ) ;
#2333 = DIRECTION ( 'NONE',  ( 4.566929878185590008E-28, -1.000000000000000000, -6.728240443654459311E-18 ) ) ;
#2334 = ORIENTED_EDGE ( 'NONE', *, *, #151, .F. ) ;
#2335 = EDGE_CURVE ( 'NONE', #1143, #1199, #638, .T. ) ;
#2336 = VECTOR ( 'NONE', #1969, 1000.000000000000000 ) ;
#2337 = CARTESIAN_POINT ( 'NONE',  ( -48.00000000000000000, 0.000000000000000000, -28.49999999999999645 ) ) ;
#2338 = DIRECTION ( 'NONE',  ( 1.000000000000000000, 0.000000000000000000, -0.000000000000000000 ) ) ;
#2339 = ADVANCED_FACE ( 'NONE', ( #467 ), #2311, .T. ) ;
#2340 =( LENGTH_UNIT ( ) NAMED_UNIT ( * ) SI_UNIT ( .MILLI., .METRE. ) );
#2341 = FACE_OUTER_BOUND ( 'NONE', #2042, .T. ) ;
#2342 = EDGE_CURVE ( 'NONE', #1470, #755, #831, .T. ) ;
#2343 = LINE ( 'NONE', #144, #1790 ) ;
#2344 = CARTESIAN_POINT ( 'NONE',  ( -44.37500000000000000, 9.400000000000000355, -28.49999999999999645 ) ) ;
#2345 = ORIENTED_EDGE ( 'NONE', *, *, #1959, .F. ) ;
#2346 = FACE_OUTER_BOUND ( 'NONE', #1963, .T. ) ;
#2347 = VERTEX_POINT ( 'NONE', #308 ) ;
#2348 = DIRECTION ( 'NONE',  ( 0.000000000000000000, -0.000000000000000000, 1.000000000000000000 ) ) ;
#2349 = CARTESIAN_POINT ( 'NONE',  ( -44.37500000000000000, 15.12500000000000000, -26.00000000000000355 ) ) ;
#2350 = SURFACE_STYLE_FILL_AREA ( #364 ) ;
#2351 = CARTESIAN_POINT ( 'NONE',  ( -7.999999523162838244, 8.125000000000000000, 33.50000000000000000 ) ) ;
#2352 = CARTESIAN_POINT ( 'NONE',  ( 46.62500000000000000, 9.000000000000000000, -26.00000000000000355 ) ) ;
#2353 = VECTOR ( 'NONE', #905, 1000.000000000000000 ) ;
#2354 = DIRECTION ( 'NONE',  ( -1.000000000000000000, 0.000000000000000000, 0.000000000000000000 ) ) ;
#2355 = VERTEX_POINT ( 'NONE', #1033 ) ;
#2356 = ORIENTED_EDGE ( 'NONE', *, *, #2094, .T. ) ;
#2357 = ORIENTED_EDGE ( 'NONE', *, *, #1307, .T. ) ;
#2358 = EDGE_CURVE ( 'NONE', #338, #298, #1765, .T. ) ;
#2359 = CARTESIAN_POINT ( 'NONE',  ( 43.00000000000000000, 6.729166666666669627, 28.49999999999999645 ) ) ;
#2360 = FACE_BOUND ( 'NONE', #837, .T. ) ;
#2361 = ADVANCED_FACE ( 'NONE', ( #183 ), #349, .F. ) ;
#2362 = CARTESIAN_POINT ( 'NONE',  ( 45.50000000000000711, 15.12500000000000000, -26.00000000000000355 ) ) ;
#2363 = DIRECTION ( 'NONE',  ( 0.000000000000000000, 1.000000000000000000, 0.000000000000000000 ) ) ;
#2364 = ORIENTED_EDGE ( 'NONE', *, *, #293, .T. ) ;
#2365 = VECTOR ( 'NONE', #2318, 1000.000000000000000 ) ;
#2366 = CARTESIAN_POINT ( 'NONE',  ( -49.00000000000000000, 5.000000000000000888, 7.500000000000000000 ) ) ;
#2367 = ORIENTED_EDGE ( 'NONE', *, *, #1474, .F. ) ;
#2368 = AXIS2_PLACEMENT_3D ( 'NONE', #759, #927, #1652 ) ;
#2369 = VERTEX_POINT ( 'NONE', #1974 ) ;
#2370 = EDGE_CURVE ( 'NONE', #2271, #1690, #166, .T. ) ;
#2371 = CARTESIAN_POINT ( 'NONE',  ( -62.50000000000000000, 5.000000000000000888, -1.000000005731219943 ) ) ;
#2372 = DIRECTION ( 'NONE',  ( 0.000000000000000000, -1.000000000000000000, 0.000000000000000000 ) ) ;
#2373 = SURFACE_SIDE_STYLE ('',( #2350 ) ) ;
ENDSEC;
END-ISO-10303-21;
